Word,Colour,Stim_condition,Correct_resp,thisN,thisTrialN,thisRepN,key_resp.keys,key_resp.corr,key_resp.rt,key_resp.duration,trials.thisRepN,trials.thisTrialN,trials.thisN,trials.thisIndex,thisRow.t,notes,Instructions.started,text_2.started,text_2.stopped,Instructions.stopped,trial.started,fixation.started,fixation.stopped,text.started,key_resp.started,trial.stopped,trials.key_resp.keys,trials.key_resp.corr,trials.key_resp.rt,trials.key_resp.duration,Thanks.started,text_3.started,text_3.stopped,Thanks.stopped,participant,session,date,expName,expVersion,psychopyVersion,frameRate,expStart,
,,,,,,,,,,,,,,,,,0.01110679199337028,0.02796054200734943,1.0335694999957923,0.9834299170179293,,,,,,,,,,,,,,,3,001,2025-08-26_13h02.26.453,untitled,,2025.1.1,None,2025-08-26 13h02.39.407196 +0530,
BLUE,blue,C,b,0,0,0,b,1,0.9320397909905296,None,0,0,0,3,1.0335694999957923,,,,,,1.005527917004656,1.0335694999957923,1.488072292006109,1.488072292006109,1.488072292006109,2.691122791991802,b,1,0.9320397909905296,None,,,,,3,001,2025-08-26_13h02.26.453,untitled,,2025.1.1,None,2025-08-26 13h02.39.407196 +0530,
RED,blue,I,b,1,1,0,b,1,0.8348337079805788,None,0,1,1,1,2.7114074169949163,,,,,,2.6938335839950014,2.7114074169949163,3.195284250017721,3.195284250017721,3.195284250017721,4.033820042008301,b,1,0.8348337079805788,None,,,,,3,001,2025-08-26_13h02.26.453,untitled,,2025.1.1,None,2025-08-26 13h02.39.407196 +0530,
BLUE,red,I,r,2,2,0,r,1,1.1048306669981685,None,0,2,2,2,4.051518666994525,,,,,,4.035658625012729,4.051518666994525,4.523273124999832,4.523273124999832,4.523273124999832,5.633867833996192,r,1,1.1048306669981685,None,,,,,3,001,2025-08-26_13h02.26.453,untitled,,2025.1.1,None,2025-08-26 13h02.39.407196 +0530,
RED,red,C,r,3,3,0,r,1,0.5249437500024214,None,0,3,3,0,5.643431375006912,,,,,,5.635775167000247,5.643431375006912,6.133078792016022,6.133078792016022,6.133078792016022,6.667108666995773,r,1,0.5249437500024214,None,,,,,3,001,2025-08-26_13h02.26.453,untitled,,2025.1.1,None,2025-08-26 13h02.39.407196 +0530,
BLUE,blue,C,b,4,0,1,r,0,0.2802457909856457,None,1,0,4,3,6.676378042000579,,,,,,6.6694034170068335,6.676378042000579,7.157731334009441,7.157731334009441,7.157731334009441,7.439018959004898,r,0,0.2802457909856457,None,,,,,3,001,2025-08-26_13h02.26.453,untitled,,2025.1.1,None,2025-08-26 13h02.39.407196 +0530,
RED,red,C,r,5,1,1,r,1,0.44091062402003445,None,1,1,5,0,7.450978709006449,,,,,,7.441098209004849,7.450978709006449,7.939201792003587,7.939201792003587,7.939201792003587,8.384208458999638,r,1,0.44091062402003445,None,,,,,3,001,2025-08-26_13h02.26.453,untitled,,2025.1.1,None,2025-08-26 13h02.39.407196 +0530,
RED,blue,I,b,6,2,1,b,1,0.28103166597429663,None,1,2,6,1,8.393028791993856,,,,,,8.384631042019464,8.393028791993856,8.882952917017974,8.882952917017974,8.882952917017974,9.166694042010931,b,1,0.28103166597429663,None,,,,,3,001,2025-08-26_13h02.26.453,untitled,,2025.1.1,None,2025-08-26 13h02.39.407196 +0530,
BLUE,red,I,r,7,3,1,r,1,0.499437874997966,None,1,3,7,2,9.175013000000035,,,,,,9.168605459009996,9.175013000000035,9.656676042010076,9.656676042010076,9.656676042010076,10.167187334009213,r,1,0.499437874997966,None,,,,,3,001,2025-08-26_13h02.26.453,untitled,,2025.1.1,None,2025-08-26 13h02.39.407196 +0530,
BLUE,red,I,r,8,0,2,r,1,0.484000249998644,None,2,0,8,2,10.17412941699149,,,,,,10.167614584002877,10.17412941699149,10.656098542007385,10.656098542007385,10.656098542007385,11.151721250003902,r,1,0.484000249998644,None,,,,,3,001,2025-08-26_13h02.26.453,untitled,,2025.1.1,None,2025-08-26 13h02.39.407196 +0530,
RED,blue,I,b,9,1,2,b,1,0.36999420798383653,None,2,1,9,1,11.160360042005777,,,,,,11.153798834013287,11.160360042005777,11.650088958995184,11.650088958995184,11.650088958995184,12.023961625003722,b,1,0.36999420798383653,None,,,,,3,001,2025-08-26_13h02.26.453,untitled,,2025.1.1,None,2025-08-26 13h02.39.407196 +0530,
RED,red,C,r,10,2,2,r,1,0.5264448750240263,None,2,2,10,0,12.032743459014455,,,,,,12.024431583995465,12.032743459014455,12.523609458992723,12.523609458992723,12.523609458992723,13.050962375011295,r,1,0.5264448750240263,None,,,,,3,001,2025-08-26_13h02.26.453,untitled,,2025.1.1,None,2025-08-26 13h02.39.407196 +0530,
BLUE,blue,C,b,11,3,2,b,1,0.37985674999072216,None,2,3,11,3,13.060340916999849,,,,,,13.052999709005235,13.060340916999849,13.550173875002656,13.550173875002656,13.550173875002656,13.93381375001627,b,1,0.37985674999072216,None,,,,,3,001,2025-08-26_13h02.26.453,untitled,,2025.1.1,None,2025-08-26 13h02.39.407196 +0530,
BLUE,blue,C,b,12,0,3,b,1,0.39055920802638866,None,3,0,12,3,13.94177987499279,,,,,,13.93427879200317,13.94177987499279,14.423446792003233,14.423446792003233,14.423446792003233,14.817326916992897,b,1,0.39055920802638866,None,,,,,3,001,2025-08-26_13h02.26.453,untitled,,2025.1.1,None,2025-08-26 13h02.39.407196 +0530,
RED,red,C,r,13,1,3,r,1,0.32229866602574475,None,3,1,13,0,14.825797833997058,,,,,,14.81940375000704,14.825797833997058,15.306739916995866,15.306739916995866,15.306739916995866,15.633916999999201,r,1,0.32229866602574475,None,,,,,3,001,2025-08-26_13h02.26.453,untitled,,2025.1.1,None,2025-08-26 13h02.39.407196 +0530,
RED,blue,I,b,14,2,3,r,0,0.5404612910060678,None,3,2,14,1,15.63858812500257,,,,,,15.634367999999085,15.63858812500257,16.123385000013513,16.123385000013513,16.123385000013513,16.66715595900314,r,0,0.5404612910060678,None,,,,,3,001,2025-08-26_13h02.26.453,untitled,,2025.1.1,None,2025-08-26 13h02.39.407196 +0530,
BLUE,red,I,r,15,3,3,r,1,0.8106223740032874,None,3,3,15,2,16.677695084013976,,,,,,16.669244624994462,16.677695084013976,17.1573503340187,17.1573503340187,17.1573503340187,17.971227208996424,r,1,0.8106223740032874,None,,,,,3,001,2025-08-26_13h02.26.453,untitled,,2025.1.1,None,2025-08-26 13h02.39.407196 +0530,
BLUE,red,I,r,16,0,4,r,1,0.43075208298978396,None,4,0,16,2,17.983616875018924,,,,,,17.971745042013936,17.983616875018924,18.466252875019563,18.466252875019563,18.466252875019563,18.900690042006318,r,1,0.43075208298978396,None,,,,,3,001,2025-08-26_13h02.26.453,untitled,,2025.1.1,None,2025-08-26 13h02.39.407196 +0530,
RED,red,C,r,17,1,4,r,1,0.5264006250072271,None,4,1,17,0,18.910650250007166,,,,,,18.90269037502003,18.910650250007166,19.39054562500678,19.39054562500678,19.39054562500678,19.92424129199935,r,1,0.5264006250072271,None,,,,,3,001,2025-08-26_13h02.26.453,untitled,,2025.1.1,None,2025-08-26 13h02.39.407196 +0530,
RED,blue,I,b,18,2,4,b,1,0.3931169160059653,None,4,2,18,1,19.932906250003725,,,,,,19.9246508750075,19.932906250003725,20.42383325000992,20.42383325000992,20.42383325000992,20.821534834016347,b,1,0.3931169160059653,None,,,,,3,001,2025-08-26_13h02.26.453,untitled,,2025.1.1,None,2025-08-26 13h02.39.407196 +0530,
BLUE,blue,C,b,19,3,4,b,1,0.25893962499685585,None,4,3,19,3,20.8333465839969,,,,,,20.82373945901054,20.8333465839969,21.317063791997498,21.317063791997498,21.317063791997498,21.58477420901181,b,1,0.25893962499685585,None,,,,,3,001,2025-08-26_13h02.26.453,untitled,,2025.1.1,None,2025-08-26 13h02.39.407196 +0530,
BLUE,blue,C,b,20,0,5,b,1,0.5784126239886973,None,5,0,20,3,21.592378875007853,,,,,,21.58523583400529,21.592378875007853,22.08363545901375,22.08363545901375,22.08363545901375,22.667117500008317,b,1,0.5784126239886973,None,,,,,3,001,2025-08-26_13h02.26.453,untitled,,2025.1.1,None,2025-08-26 13h02.39.407196 +0530,
RED,red,C,r,21,1,5,r,1,0.537155583006097,None,5,1,21,0,22.67644887501956,,,,,,22.66910670901416,22.67644887501956,23.15682737500174,23.15682737500174,23.15682737500174,23.700814625015482,r,1,0.537155583006097,None,,,,,3,001,2025-08-26_13h02.26.453,untitled,,2025.1.1,None,2025-08-26 13h02.39.407196 +0530,
BLUE,red,I,r,22,2,5,r,1,0.6524597920069937,None,5,2,22,2,23.709381833992666,,,,,,23.70290412500617,23.709381833992666,24.190425625012722,24.190425625012722,24.190425625012722,24.85051633400144,r,1,0.6524597920069937,None,,,,,3,001,2025-08-26_13h02.26.453,untitled,,2025.1.1,None,2025-08-26 13h02.39.407196 +0530,
RED,blue,I,b,23,3,5,b,1,0.7260016670043115,None,5,3,23,1,24.859220084006665,,,,,,24.852481000008993,24.859220084006665,25.33997112500947,25.33997112500947,25.33997112500947,26.067186208994826,b,1,0.7260016670043115,None,,,,,3,001,2025-08-26_13h02.26.453,untitled,,2025.1.1,None,2025-08-26 13h02.39.407196 +0530,
BLUE,blue,C,b,24,0,6,b,1,0.4500230419798754,None,6,0,24,3,26.076790249993792,,,,,,26.06919249999919,26.076790249993792,26.556988333992194,26.556988333992194,26.556988333992194,27.018516125011956,b,1,0.4500230419798754,None,,,,,3,001,2025-08-26_13h02.26.453,untitled,,2025.1.1,None,2025-08-26 13h02.39.407196 +0530,
RED,red,C,r,25,1,6,r,1,0.5253779159975238,None,6,1,25,0,27.027711792004993,,,,,,27.020743834000314,27.027711792004993,27.516574250010308,27.516574250010308,27.516574250010308,28.050540791999083,r,1,0.5253779159975238,None,,,,,3,001,2025-08-26_13h02.26.453,untitled,,2025.1.1,None,2025-08-26 13h02.39.407196 +0530,
BLUE,red,I,r,26,2,6,r,1,0.4283974999852944,None,6,2,26,2,28.059990084002493,,,,,,28.052742917003343,28.059990084002493,28.539343917014776,28.539343917014776,28.539343917014776,28.972841125010746,r,1,0.4283974999852944,None,,,,,3,001,2025-08-26_13h02.26.453,untitled,,2025.1.1,None,2025-08-26 13h02.39.407196 +0530,
RED,blue,I,b,27,3,6,b,1,0.46420262500760145,None,6,3,27,1,28.983239916997263,,,,,,28.975159791996703,28.983239916997263,29.471646709018387,29.471646709018387,29.471646709018387,29.93956783399335,b,1,0.46420262500760145,None,,,,,3,001,2025-08-26_13h02.26.453,untitled,,2025.1.1,None,2025-08-26 13h02.39.407196 +0530,
BLUE,red,I,r,28,0,7,r,1,0.6621324160078075,None,7,0,28,2,29.950945584016154,,,,,,29.941894417017465,29.950945584016154,30.439771834004205,30.439771834004205,30.439771834004205,31.1063582499919,r,1,0.6621324160078075,None,,,,,3,001,2025-08-26_13h02.26.453,untitled,,2025.1.1,None,2025-08-26 13h02.39.407196 +0530,
RED,red,C,r,29,1,7,r,1,0.5967451249889564,None,7,1,29,0,31.117793500015978,,,,,,31.1088003750192,31.117793500015978,31.60502912499942,31.60502912499942,31.60502912499942,32.20475179201458,r,1,0.5967451249889564,None,,,,,3,001,2025-08-26_13h02.26.453,untitled,,2025.1.1,None,2025-08-26 13h02.39.407196 +0530,
RED,blue,I,b,30,2,7,b,1,0.5308323740027845,None,7,2,30,1,32.217296792019624,,,,,,32.20516933401814,32.217296792019624,32.700094041996635,32.700094041996635,32.700094041996635,33.23396812501596,b,1,0.5308323740027845,None,,,,,3,001,2025-08-26_13h02.26.453,untitled,,2025.1.1,None,2025-08-26 13h02.39.407196 +0530,
BLUE,blue,C,b,31,3,7,b,1,0.6401623330020811,None,7,3,31,3,33.24321629200131,,,,,,33.235888334020274,33.24321629200131,33.72184870901401,33.72184870901401,33.72184870901401,34.3669224170153,b,1,0.6401623330020811,None,,,,,3,001,2025-08-26_13h02.26.453,untitled,,2025.1.1,None,2025-08-26 13h02.39.407196 +0530,
BLUE,red,I,r,32,0,8,r,1,0.5670891249901615,None,8,0,32,2,34.373755167005584,,,,,,34.367391000007046,34.373755167005584,34.85781041701557,34.85781041701557,34.85781041701557,35.43484683401766,r,1,0.5670891249901615,None,,,,,3,001,2025-08-26_13h02.26.453,untitled,,2025.1.1,None,2025-08-26 13h02.39.407196 +0530,
BLUE,blue,C,b,33,1,8,b,1,0.43327675000182353,None,8,1,33,3,35.44124287500745,,,,,,35.435358584014466,35.44124287500745,35.92358983401209,35.92358983401209,35.92358983401209,36.36782820901135,b,1,0.43327675000182353,None,,,,,3,001,2025-08-26_13h02.26.453,untitled,,2025.1.1,None,2025-08-26 13h02.39.407196 +0530,
RED,blue,I,b,34,2,8,b,1,0.4560705829935614,None,8,2,34,1,36.376877292001154,,,,,,36.36972841701936,36.376877292001154,36.85879154200666,36.85879154200666,36.85879154200666,37.31975562500884,b,1,0.4560705829935614,None,,,,,3,001,2025-08-26_13h02.26.453,untitled,,2025.1.1,None,2025-08-26 13h02.39.407196 +0530,
RED,red,C,r,35,3,8,r,1,0.6495178329932969,None,8,3,35,0,37.32788550000987,,,,,,37.32026787500945,37.32788550000987,37.816359459015075,37.816359459015075,37.816359459015075,38.46704429201782,r,1,0.6495178329932969,None,,,,,3,001,2025-08-26_13h02.26.453,untitled,,2025.1.1,None,2025-08-26 13h02.39.407196 +0530,
RED,red,C,r,36,0,9,r,1,0.5678592920012306,None,9,0,36,0,38.47178837499814,,,,,,38.467472709016874,38.47178837499814,38.954926667007385,38.954926667007385,38.954926667007385,39.53500429200358,r,1,0.5678592920012306,None,,,,,3,001,2025-08-26_13h02.26.453,untitled,,2025.1.1,None,2025-08-26 13h02.39.407196 +0530,
RED,blue,I,b,37,1,9,r,0,0.4512101669970434,None,9,1,37,1,39.54194395901868,,,,,,39.53543262500898,39.54194395901868,40.033679417014355,40.033679417014355,40.033679417014355,40.48874816700118,r,0,0.4512101669970434,None,,,,,3,001,2025-08-26_13h02.26.453,untitled,,2025.1.1,None,2025-08-26 13h02.39.407196 +0530,
BLUE,blue,C,b,38,2,9,b,1,0.6160299160110299,None,9,2,38,3,40.50078637499246,,,,,,40.49066683399724,40.50078637499246,40.98388533401885,40.98388533401885,40.98388533401885,41.600988124992,b,1,0.6160299160110299,None,,,,,3,001,2025-08-26_13h02.26.453,untitled,,2025.1.1,None,2025-08-26 13h02.39.407196 +0530,
BLUE,red,I,r,39,3,9,r,1,0.9009302080085035,None,9,3,39,2,41.605705624999246,,,,,,41.601454834017204,41.605705624999246,42.090832917019725,42.090832917019725,42.090832917019725,43.00129941699561,r,1,0.9009302080085035,None,,,,,3,001,2025-08-26_13h02.26.453,untitled,,2025.1.1,None,2025-08-26 13h02.39.407196 +0530,
,,,,,,,,,,,,,,,,,,,,,,,,,,,,,,,43.0014154590026,43.009114250016864,43.98883924999973,43.98404312500497,3,001,2025-08-26_13h02.26.453,untitled,,2025.1.1,None,2025-08-26 13h02.39.407196 +0530,
