thisN,thisTrialN,thisRepN,mouse.x,mouse.y,mouse.leftButton,mouse.midButton,mouse.rightButton,mouse.time,mouse.clicked_name,trials.thisRepN,trials.thisTrialN,trials.thisN,trials.thisIndex,thisRow.t,notes,num_dist,trial.started,fixation.started,target.started,mouse.started,trial.stopped,trials.mouse.x,trials.mouse.y,trials.mouse.leftButton,trials.mouse.midButton,trials.mouse.rightButton,trials.mouse.time,trials.mouse.clicked_name,participant,session,date,expName,expVersion,psychopyVersion,frameRate,expStart,
0,0,0,[np.float64(-0.2611111111111111)],[np.float64(-0.09222222222222222)],[0],[0],[0],[2.0651440829969943],['target'],0,0,0,0,0.03629370799171738,,5,0.023225082986755297,0.03629370799171738,0.03629370799171738,0.023237000015797094,2.088512374990387,[np.float64(-0.2611111111111111)],[np.float64(-0.09222222222222222)],[0],[0],[0],[2.0651440829969943],['target'],p4,001,2025-09-30_17h41.41.026,Experiment,,2025.1.1,119.75785011147751,2025-09-30 17h41.55.589986 +0530,
1,0,1,[np.float64(-0.23222222222222222)],[np.float64(-0.24444444444444444)],[1],[0],[0],[3.874973375000991],['target'],1,0,1,0,2.1312579170044046,,10,2.11744324999745,2.1312579170044046,2.1312579170044046,0.028606124978978187,5.992483874986647,[np.float64(-0.23222222222222222)],[np.float64(-0.24444444444444444)],[1],[0],[0],[3.874973375000991],['target'],p4,001,2025-09-30_17h41.41.026,Experiment,,2025.1.1,119.75785011147751,2025-09-30 17h41.55.589986 +0530,
2,0,2,[np.float64(0.04555555555555556)],[np.float64(0.47333333333333333)],[1],[0],[0],[1.8530404169869144],['target'],2,0,2,0,6.0184882920002565,,5,6.007289542001672,6.0184882920002565,6.0184882920002565,0.01459716699901037,7.860399875004077,[np.float64(0.04555555555555556)],[np.float64(0.47333333333333333)],[1],[0],[0],[1.8530404169869144],['target'],p4,001,2025-09-30_17h41.41.026,Experiment,,2025.1.1,119.75785011147751,2025-09-30 17h41.55.589986 +0530,
3,0,3,[np.float64(-0.2544444444444444)],[np.float64(0.12222222222222222)],[1],[0],[0],[1.964560332999099],['target'],3,0,3,0,7.885587083001155,,5,7.874476375000086,7.885587083001155,7.885587083001155,0.013902208011131734,9.839109374996042,[np.float64(-0.2544444444444444)],[np.float64(0.12222222222222222)],[1],[0],[0],[1.964560332999099],['target'],p4,001,2025-09-30_17h41.41.026,Experiment,,2025.1.1,119.75785011147751,2025-09-30 17h41.55.589986 +0530,
4,0,4,[np.float64(0.43666666666666665)],[np.float64(-0.13444444444444445)],[1],[0],[0],[2.697649417008506],['target'],4,0,4,0,9.879563374997815,,10,9.865630207990762,9.879563374997815,9.879563374997815,0.026343916018959135,12.563379041996086,[np.float64(0.43666666666666665)],[np.float64(-0.13444444444444445)],[1],[0],[0],[2.697649417008506],['target'],p4,001,2025-09-30_17h41.41.026,Experiment,,2025.1.1,119.75785011147751,2025-09-30 17h41.55.589986 +0530,
5,0,5,[np.float64(-0.4088888888888889)],[np.float64(-0.3)],[1],[0],[0],[2.9659962500154506],['target'],5,0,5,0,12.605040333000943,,10,12.591194874985376,12.605040333000943,12.605040333000943,0.027560290996916592,15.557270582998171,[np.float64(-0.4088888888888889)],[np.float64(-0.3)],[1],[0],[0],[2.9659962500154506],['target'],p4,001,2025-09-30_17h41.41.026,Experiment,,2025.1.1,119.75785011147751,2025-09-30 17h41.55.589986 +0530,
6,0,6,[np.float64(-0.39)],[np.float64(-0.23)],[1],[0],[0],[1.1551096250186674],['target'],6,0,6,0,15.596819541999139,,10,15.583080749987857,15.596819541999139,15.596819541999139,0.025579874985851347,16.738252042006934,[np.float64(-0.39)],[np.float64(-0.23)],[1],[0],[0],[1.1551096250186674],['target'],p4,001,2025-09-30_17h41.41.026,Experiment,,2025.1.1,119.75785011147751,2025-09-30 17h41.55.589986 +0530,
7,0,7,[np.float64(0.47333333333333333)],[np.float64(0.25222222222222224)],[1],[0],[0],[2.9928259170264937],['target'],7,0,7,0,16.757842499995604,,5,16.748916416981956,16.757842499995604,16.757842499995604,0.01050299999769777,19.741833707987098,[np.float64(0.47333333333333333)],[np.float64(0.25222222222222224)],[1],[0],[0],[2.9928259170264937],['target'],p4,001,2025-09-30_17h41.41.026,Experiment,,2025.1.1,119.75785011147751,2025-09-30 17h41.55.589986 +0530,
8,0,8,[np.float64(-0.08777777777777777)],[np.float64(0.0044444444444444444)],[1],[0],[0],[1.9971183330053464],['target'],8,0,8,0,19.77124483298394,,5,19.759178082982544,19.77124483298394,19.77124483298394,0.017135042027803138,21.756377249985235,[np.float64(-0.08777777777777777)],[np.float64(0.0044444444444444444)],[1],[0],[0],[1.9971183330053464],['target'],p4,001,2025-09-30_17h41.41.026,Experiment,,2025.1.1,119.75785011147751,2025-09-30 17h41.55.589986 +0530,
9,0,9,[np.float64(-0.23222222222222222)],[np.float64(-0.18888888888888888)],[1],[0],[0],[1.567508917010855],['target'],9,0,9,0,21.783475332980743,,5,21.77189620799618,21.783475332980743,21.783475332980743,0.015304166008718312,23.339487124991138,[np.float64(-0.23222222222222222)],[np.float64(-0.18888888888888888)],[1],[0],[0],[1.567508917010855],['target'],p4,001,2025-09-30_17h41.41.026,Experiment,,2025.1.1,119.75785011147751,2025-09-30 17h41.55.589986 +0530,
10,0,10,[np.float64(-0.027777777777777776)],[np.float64(-0.40555555555555556)],[1],[0],[0],[2.631470749998698],['target'],10,0,10,0,23.380771208001534,,10,23.366508874983992,23.380771208001534,23.380771208001534,0.02680791699094698,25.998060791986063,[np.float64(-0.027777777777777776)],[np.float64(-0.40555555555555556)],[1],[0],[0],[2.631470749998698],['target'],p4,001,2025-09-30_17h41.41.026,Experiment,,2025.1.1,119.75785011147751,2025-09-30 17h41.55.589986 +0530,
11,0,11,[np.float64(-0.14555555555555555)],[np.float64(0.43222222222222223)],[1],[0],[0],[3.8130488750175573],['target'],11,0,11,0,26.0410453749937,,10,26.026493332989048,26.0410453749937,26.0410453749937,0.028180374996736646,29.839600332983537,[np.float64(-0.14555555555555555)],[np.float64(0.43222222222222223)],[1],[0],[0],[3.8130488750175573],['target'],p4,001,2025-09-30_17h41.41.026,Experiment,,2025.1.1,119.75785011147751,2025-09-30 17h41.55.589986 +0530,
12,0,12,[np.float64(-0.4866666666666667)],[np.float64(-0.3388888888888889)],[1],[0],[0],[3.3809245000011288],[None],12,0,12,0,29.872796916984953,,10,29.86120366700925,29.872796916984953,29.872796916984953,0.021419459022581577,33.24220116698416,[np.float64(-0.4866666666666667)],[np.float64(-0.3388888888888889)],[1],[0],[0],[3.3809245000011288],[None],p4,001,2025-09-30_17h41.41.026,Experiment,,2025.1.1,119.75785011147751,2025-09-30 17h41.55.589986 +0530,
13,0,13,[np.float64(-0.03222222222222222)],[np.float64(0.25555555555555554)],[1],[0],[0],[2.8160166250017937],[None],13,0,13,0,33.26838525000494,,5,33.257023041980574,33.26838525000494,33.26838525000494,0.014605083008063957,36.07311312499223,[np.float64(-0.03222222222222222)],[np.float64(0.25555555555555554)],[1],[0],[0],[2.8160166250017937],[None],p4,001,2025-09-30_17h41.41.026,Experiment,,2025.1.1,119.75785011147751,2025-09-30 17h41.55.589986 +0530,
14,0,14,[np.float64(0.14333333333333334)],[np.float64(0.13555555555555557)],[1],[0],[0],[1.4189666250022128],['target'],14,0,14,0,36.099681666994,,5,36.08824374998221,36.099681666994,36.099681666994,0.014955916994949803,37.50728387499112,[np.float64(0.14333333333333334)],[np.float64(0.13555555555555557)],[1],[0],[0],[1.4189666250022128],['target'],p4,001,2025-09-30_17h41.41.026,Experiment,,2025.1.1,119.75785011147751,2025-09-30 17h41.55.589986 +0530,
15,0,15,[np.float64(-0.09888888888888889)],[np.float64(0.11)],[1],[0],[0],[1.982654333987739],['target'],15,0,15,0,37.533644916984485,,5,37.52251758298371,37.533644916984485,37.533644916984485,0.015061917016282678,39.50521016700077,[np.float64(-0.09888888888888889)],[np.float64(0.11)],[1],[0],[0],[1.982654333987739],['target'],p4,001,2025-09-30_17h41.41.026,Experiment,,2025.1.1,119.75785011147751,2025-09-30 17h41.55.589986 +0530,
16,0,16,[np.float64(-0.14)],[np.float64(-0.17333333333333334)],[1],[0],[0],[2.787497875018744],['target'],16,0,16,0,39.5328827080084,,10,39.52102941699559,39.5328827080084,39.5328827080084,0.01572895798017271,42.30864924998605,[np.float64(-0.14)],[np.float64(-0.17333333333333334)],[1],[0],[0],[2.787497875018744],['target'],p4,001,2025-09-30_17h41.41.026,Experiment,,2025.1.1,119.75785011147751,2025-09-30 17h41.55.589986 +0530,
17,0,17,[np.float64(0.44222222222222224)],[np.float64(0.10888888888888888)],[1],[0],[0],[2.8983826659969054],['target'],17,0,17,0,42.33665275000385,,5,42.325026542006526,42.33665275000385,42.33665275000385,0.016048749996116385,45.223464624985354,[np.float64(0.44222222222222224)],[np.float64(0.10888888888888888)],[1],[0],[0],[2.8983826659969054],['target'],p4,001,2025-09-30_17h41.41.026,Experiment,,2025.1.1,119.75785011147751,2025-09-30 17h41.55.589986 +0530,
18,0,18,[np.float64(0.0811111111111111)],[np.float64(0.11555555555555555)],[1],[0],[0],[1.2727918329765089],['target'],18,0,18,0,45.264195499999914,,10,45.25031891700928,45.264195499999914,45.264195499999914,0.026682708004955202,46.523187041981146,[np.float64(0.0811111111111111)],[np.float64(0.11555555555555555)],[1],[0],[0],[1.2727918329765089],['target'],p4,001,2025-09-30_17h41.41.026,Experiment,,2025.1.1,119.75785011147751,2025-09-30 17h41.55.589986 +0530,
19,0,19,[np.float64(-0.11222222222222222)],[np.float64(-0.35888888888888887)],[1],[0],[0],[2.6867028750129975],['target'],19,0,19,0,46.55749104198185,,10,46.54550166698755,46.55749104198185,46.55749104198185,0.022117584012448788,49.232295333000366,[np.float64(-0.11222222222222222)],[np.float64(-0.35888888888888887)],[1],[0],[0],[2.6867028750129975],['target'],p4,001,2025-09-30_17h41.41.026,Experiment,,2025.1.1,119.75785011147751,2025-09-30 17h41.55.589986 +0530,
20,0,20,[np.float64(0.3611111111111111)],[np.float64(-0.4677777777777778)],[1],[0],[0],[1.7941830420168117],[None],20,0,20,0,49.27679737500148,,10,49.26200083299773,49.27679737500148,49.27679737500148,0.02944454099633731,51.056239541998366,[np.float64(0.3611111111111111)],[np.float64(-0.4677777777777778)],[1],[0],[0],[1.7941830420168117],[None],p4,001,2025-09-30_17h41.41.026,Experiment,,2025.1.1,119.75785011147751,2025-09-30 17h41.55.589986 +0530,
21,0,21,[np.float64(-0.3277777777777778)],[np.float64(0.29444444444444445)],[1],[0],[0],[3.540623292006785],['target'],21,0,21,0,51.089497957989806,,10,51.077914875000715,51.089497957989806,51.089497957989806,0.02149274997645989,54.618608707998646,[np.float64(-0.3277777777777778)],[np.float64(0.29444444444444445)],[1],[0],[0],[3.540623292006785],['target'],p4,001,2025-09-30_17h41.41.026,Experiment,,2025.1.1,119.75785011147751,2025-09-30 17h41.55.589986 +0530,
22,0,22,[np.float64(0.24222222222222223)],[np.float64(0.4822222222222222)],[1],[0],[0],[3.8792717499891296],['target'],22,0,22,0,54.6586019579845,,10,54.644610999996075,54.6586019579845,54.6586019579845,0.02579291700385511,58.52396858300199,[np.float64(0.24222222222222223)],[np.float64(0.4822222222222222)],[1],[0],[0],[3.8792717499891296],['target'],p4,001,2025-09-30_17h41.41.026,Experiment,,2025.1.1,119.75785011147751,2025-09-30 17h41.55.589986 +0530,
23,0,23,[np.float64(-0.051111111111111114)],[np.float64(-0.22)],[1],[0],[0],[2.2025543750205543],['target'],23,0,23,0,58.5490523329936,,5,58.538225083000725,58.5490523329936,58.5490523329936,0.014031041995622218,60.740864124993095,[np.float64(-0.051111111111111114)],[np.float64(-0.22)],[1],[0],[0],[2.2025543750205543],['target'],p4,001,2025-09-30_17h41.41.026,Experiment,,2025.1.1,119.75785011147751,2025-09-30 17h41.55.589986 +0530,
24,0,24,[np.float64(0.3233333333333333)],[np.float64(-0.3288888888888889)],[1],[0],[0],[1.3168657920032274],['target'],24,0,24,0,60.767999667004915,,5,60.75635824998608,60.767999667004915,60.767999667004915,0.015264124987879768,62.0733050830022,[np.float64(0.3233333333333333)],[np.float64(-0.3288888888888889)],[1],[0],[0],[1.3168657920032274],['target'],p4,001,2025-09-30_17h41.41.026,Experiment,,2025.1.1,119.75785011147751,2025-09-30 17h41.55.589986 +0530,
25,0,25,[np.float64(0.29777777777777775)],[np.float64(-0.34)],[1],[0],[0],[1.0197810000099707],['target'],25,0,25,0,62.11820145798265,,10,62.10319112500292,62.11820145798265,62.11820145798265,0.02967654200620018,63.12303945800522,[np.float64(0.29777777777777775)],[np.float64(-0.34)],[1],[0],[0],[1.0197810000099707],['target'],p4,001,2025-09-30_17h41.41.026,Experiment,,2025.1.1,119.75785011147751,2025-09-30 17h41.55.589986 +0530,
26,0,26,[np.float64(0.04111111111111111)],[np.float64(-0.021111111111111112)],[1],[0],[0],[2.0912509999761824],['target'],26,0,26,0,63.15595466698869,,10,63.14418245799607,63.15595466698869,63.15595466698869,0.020977667008992285,65.23550641699694,[np.float64(0.04111111111111111)],[np.float64(-0.021111111111111112)],[1],[0],[0],[2.0912509999761824],['target'],p4,001,2025-09-30_17h41.41.026,Experiment,,2025.1.1,119.75785011147751,2025-09-30 17h41.55.589986 +0530,
27,0,27,[np.float64(-0.0044444444444444444)],[np.float64(0.3288888888888889)],[1],[0],[0],[2.424161875009304],['target'],27,0,27,0,65.26156658300897,,5,65.25014404198737,65.26156658300897,65.26156658300897,0.014430082985199988,67.67439233299228,[np.float64(-0.0044444444444444444)],[np.float64(0.3288888888888889)],[1],[0],[0],[2.424161875009304],['target'],p4,001,2025-09-30_17h41.41.026,Experiment,,2025.1.1,119.75785011147751,2025-09-30 17h41.55.589986 +0530,
28,0,28,[np.float64(-0.1711111111111111)],[np.float64(-0.19)],[1],[0],[0],[2.5163909169787075],['target'],28,0,28,0,67.702771457989,,5,67.69119079198572,67.702771457989,67.702771457989,0.016555915994103998,70.20765704198857,[np.float64(-0.1711111111111111)],[np.float64(-0.19)],[1],[0],[0],[2.5163909169787075],['target'],p4,001,2025-09-30_17h41.41.026,Experiment,,2025.1.1,119.75785011147751,2025-09-30 17h41.55.589986 +0530,
29,0,29,[np.float64(0.37777777777777777)],[np.float64(0.48333333333333334)],[1],[0],[0],[3.0207620000001043],['target'],29,0,29,0,70.23625374998664,,5,70.22461800000747,70.23625374998664,70.23625374998664,0.01675770798465237,73.24545612500515,[np.float64(0.37777777777777777)],[np.float64(0.48333333333333334)],[1],[0],[0],[3.0207620000001043],['target'],p4,001,2025-09-30_17h41.41.026,Experiment,,2025.1.1,119.75785011147751,2025-09-30 17h41.55.589986 +0530,
30,0,30,[np.float64(0.35333333333333333)],[np.float64(0.4122222222222222)],[1],[0],[0],[1.4808513330062851],['target'],30,0,30,0,73.27136212500045,,5,73.25982350000413,73.27136212500045,73.27136212500045,0.01419858299777843,74.74074558299617,[np.float64(0.35333333333333333)],[np.float64(0.4122222222222222)],[1],[0],[0],[1.4808513330062851],['target'],p4,001,2025-09-30_17h41.41.026,Experiment,,2025.1.1,119.75785011147751,2025-09-30 17h41.55.589986 +0530,
31,0,31,[np.float64(-0.15333333333333332)],[np.float64(-0.35)],[1],[0],[0],[2.137829041981604],[None],31,0,31,0,74.7820526669966,,10,74.76797904199339,74.7820526669966,74.7820526669966,0.027046667004469782,76.90587133300141,[np.float64(-0.15333333333333332)],[np.float64(-0.35)],[1],[0],[0],[2.137829041981604],[None],p4,001,2025-09-30_17h41.41.026,Experiment,,2025.1.1,119.75785011147751,2025-09-30 17h41.55.589986 +0530,
32,0,32,[np.float64(-0.28)],[np.float64(0.13777777777777778)],[0],[0],[0],[2.28302420800901],['target'],32,0,32,0,76.92735474999063,,5,76.91757945800782,76.92735474999063,76.92735474999063,0.011541000014403835,79.20070070799557,[np.float64(-0.28)],[np.float64(0.13777777777777778)],[0],[0],[0],[2.28302420800901],['target'],p4,001,2025-09-30_17h41.41.026,Experiment,,2025.1.1,119.75785011147751,2025-09-30 17h41.55.589986 +0530,
33,0,33,[np.float64(-0.05555555555555555)],[np.float64(-0.4811111111111111)],[1],[0],[0],[2.921878374996595],['target'],33,0,33,0,79.23006091700518,,5,79.21866833299282,79.23006091700518,79.23006091700518,0.01775087497662753,82.1406232919835,[np.float64(-0.05555555555555555)],[np.float64(-0.4811111111111111)],[1],[0],[0],[2.921878374996595],['target'],p4,001,2025-09-30_17h41.41.026,Experiment,,2025.1.1,119.75785011147751,2025-09-30 17h41.55.589986 +0530,
34,0,34,[np.float64(-0.28888888888888886)],[np.float64(-0.12444444444444444)],[1],[0],[0],[1.7018980830034707],['target'],34,0,34,0,82.16741624998394,,5,82.15593112498755,82.16741624998394,82.16741624998394,0.015136292000534013,83.85790425000596,[np.float64(-0.28888888888888886)],[np.float64(-0.12444444444444444)],[1],[0],[0],[1.7018980830034707],['target'],p4,001,2025-09-30_17h41.41.026,Experiment,,2025.1.1,119.75785011147751,2025-09-30 17h41.55.589986 +0530,
35,0,35,[np.float64(0.45444444444444443)],[np.float64(0.09444444444444444)],[1],[0],[0],[2.1359224159969017],['target'],35,0,35,0,83.88463312498061,,5,83.87311358298757,83.88463312498061,83.88463312498061,0.015027750021545216,86.00912366699777,[np.float64(0.45444444444444443)],[np.float64(0.09444444444444444)],[1],[0],[0],[2.1359224159969017],['target'],p4,001,2025-09-30_17h41.41.026,Experiment,,2025.1.1,119.75785011147751,2025-09-30 17h41.55.589986 +0530,
36,0,36,[np.float64(0.48444444444444446)],[np.float64(-0.19444444444444445)],[1],[0],[0],[1.4002862090128474],['target'],36,0,36,0,86.05398420800338,,10,86.03916954199667,86.05398420800338,86.05398420800338,0.02983358400524594,87.43952270800946,[np.float64(0.48444444444444446)],[np.float64(-0.19444444444444445)],[1],[0],[0],[1.4002862090128474],['target'],p4,001,2025-09-30_17h41.41.026,Experiment,,2025.1.1,119.75785011147751,2025-09-30 17h41.55.589986 +0530,
37,0,37,[np.float64(-0.14222222222222222)],[np.float64(-0.04111111111111111)],[1],[0],[0],[1.6736099590198137],['target'],37,0,37,0,87.45968762499979,,5,87.45090620798874,87.45968762499979,87.45968762499979,0.011210542026674375,89.12459287498496,[np.float64(-0.14222222222222222)],[np.float64(-0.04111111111111111)],[1],[0],[0],[1.6736099590198137],['target'],p4,001,2025-09-30_17h41.41.026,Experiment,,2025.1.1,119.75785011147751,2025-09-30 17h41.55.589986 +0530,
38,0,38,[np.float64(-0.2644444444444444)],[np.float64(0.12222222222222222)],[1],[0],[0],[1.6554991670127492],[None],38,0,38,0,89.16566391699598,,10,89.15140170798986,89.16566391699598,89.16566391699598,0.02663137498893775,90.80696933300351,[np.float64(-0.2644444444444444)],[np.float64(0.12222222222222222)],[1],[0],[0],[1.6554991670127492],[None],p4,001,2025-09-30_17h41.41.026,Experiment,,2025.1.1,119.75785011147751,2025-09-30 17h41.55.589986 +0530,
39,0,39,[np.float64(-0.2222222222222222)],[np.float64(-0.18)],[1],[0],[0],[2.4059899169951677],['target'],39,0,39,0,90.82943858299404,,5,90.81877795798937,90.82943858299404,90.82943858299404,0.011611208989052102,93.22486066698912,[np.float64(-0.2222222222222222)],[np.float64(-0.18)],[1],[0],[0],[2.4059899169951677],['target'],p4,001,2025-09-30_17h41.41.026,Experiment,,2025.1.1,119.75785011147751,2025-09-30 17h41.55.589986 +0530,
40,0,40,[np.float64(-0.2222222222222222)],[np.float64(-0.41)],[1],[0],[0],[1.5176666250044946],[None],40,0,40,0,93.25158516698866,,5,93.24040325000533,93.25158516698866,93.25158516698866,0.015331208007410169,94.75816475000465,[np.float64(-0.2222222222222222)],[np.float64(-0.41)],[1],[0],[0],[1.5176666250044946],[None],p4,001,2025-09-30_17h41.41.026,Experiment,,2025.1.1,119.75785011147751,2025-09-30 17h41.55.589986 +0530,
41,0,41,[np.float64(0.32666666666666666)],[np.float64(0.21444444444444444)],[1],[0],[0],[2.001433832978364],['target'],41,0,41,0,94.78507045799051,,5,94.77345649999916,94.78507045799051,94.78507045799051,0.015061332989716902,96.77497495798161,[np.float64(0.32666666666666666)],[np.float64(0.21444444444444444)],[1],[0],[0],[2.001433832978364],['target'],p4,001,2025-09-30_17h41.41.026,Experiment,,2025.1.1,119.75785011147751,2025-09-30 17h41.55.589986 +0530,
42,0,42,[np.float64(0.16333333333333333)],[np.float64(-0.21555555555555556)],[1],[0],[0],[2.115257625002414],[None],42,0,42,0,96.8037337079877,,5,96.79180595799698,96.8037337079877,96.8037337079877,0.016624000010779127,98.9071286249964,[np.float64(0.16333333333333333)],[np.float64(-0.21555555555555556)],[1],[0],[0],[2.115257625002414],[None],p4,001,2025-09-30_17h41.41.026,Experiment,,2025.1.1,119.75785011147751,2025-09-30 17h41.55.589986 +0530,
43,0,43,[np.float64(0.3477777777777778)],[np.float64(-0.3333333333333333)],[1],[0],[0],[1.0709403330110945],[None],43,0,43,0,98.93387149999035,,5,98.92251262499485,98.93387149999035,98.93387149999035,0.015213542006677017,99.99354075000156,[np.float64(0.3477777777777778)],[np.float64(-0.3333333333333333)],[1],[0],[0],[1.0709403330110945],[None],p4,001,2025-09-30_17h41.41.026,Experiment,,2025.1.1,119.75785011147751,2025-09-30 17h41.55.589986 +0530,
44,0,44,[np.float64(0.30777777777777776)],[np.float64(0.09888888888888889)],[1],[0],[0],[1.7634515840036329],['target'],44,0,44,0,100.02253395799198,,5,100.01090108300559,100.02253395799198,100.02253395799198,0.01715541598969139,101.77441116698901,[np.float64(0.30777777777777776)],[np.float64(0.09888888888888889)],[1],[0],[0],[1.7634515840036329],['target'],p4,001,2025-09-30_17h41.41.026,Experiment,,2025.1.1,119.75785011147751,2025-09-30 17h41.55.589986 +0530,
45,0,45,[np.float64(0.2877777777777778)],[np.float64(0.10222222222222223)],[1],[0],[0],[2.135601707996102],['target'],45,0,45,0,101.80132220798987,,5,101.78953541698866,101.80132220798987,101.80132220798987,0.014952875004382804,103.92522579198703,[np.float64(0.2877777777777778)],[np.float64(0.10222222222222223)],[1],[0],[0],[2.135601707996102],['target'],p4,001,2025-09-30_17h41.41.026,Experiment,,2025.1.1,119.75785011147751,2025-09-30 17h41.55.589986 +0530,
46,0,46,[np.float64(-0.20777777777777778)],[np.float64(-0.22777777777777777)],[1],[0],[0],[2.3201094169926364],['target'],46,0,46,0,103.96857383300085,,10,103.95429641698138,103.96857383300085,103.96857383300085,0.028856332995928824,106.27447025000583,[np.float64(-0.20777777777777778)],[np.float64(-0.22777777777777777)],[1],[0],[0],[2.3201094169926364],['target'],p4,001,2025-09-30_17h41.41.026,Experiment,,2025.1.1,119.75785011147751,2025-09-30 17h41.55.589986 +0530,
47,0,47,[np.float64(-0.36333333333333334)],[np.float64(-0.4633333333333333)],[1],[0],[0],[1.6244937500159722],[None],47,0,47,0,106.29606758299633,,5,106.28599116700934,106.29606758299633,106.29606758299633,0.011363541998434812,107.91057895799167,[np.float64(-0.36333333333333334)],[np.float64(-0.4633333333333333)],[1],[0],[0],[1.6244937500159722],[None],p4,001,2025-09-30_17h41.41.026,Experiment,,2025.1.1,119.75785011147751,2025-09-30 17h41.55.589986 +0530,
48,0,48,[np.float64(0.14222222222222222)],[np.float64(-0.1688888888888889)],[1],[0],[0],[1.6334452499868348],['target'],48,0,48,0,107.95568854198791,,10,107.94097562498064,107.95568854198791,107.95568854198791,0.030187458003638312,109.57449262498994,[np.float64(0.14222222222222222)],[np.float64(-0.1688888888888889)],[1],[0],[0],[1.6334452499868348],['target'],p4,001,2025-09-30_17h41.41.026,Experiment,,2025.1.1,119.75785011147751,2025-09-30 17h41.55.589986 +0530,
49,0,49,[np.float64(-0.23333333333333334)],[np.float64(-0.2722222222222222)],[1],[0],[0],[1.4287804170162417],['target'],49,0,49,0,109.60704816700309,,10,109.59554337500595,109.60704816700309,109.60704816700309,0.020877292001387104,111.0243801669858,[np.float64(-0.23333333333333334)],[np.float64(-0.2722222222222222)],[1],[0],[0],[1.4287804170162417],['target'],p4,001,2025-09-30_17h41.41.026,Experiment,,2025.1.1,119.75785011147751,2025-09-30 17h41.55.589986 +0530,
50,0,50,[np.float64(-0.043333333333333335)],[np.float64(-0.22)],[1],[0],[0],[1.3461922079732176],[None],50,0,50,0,111.05571112499456,,10,111.04432600000291,111.05571112499456,111.05571112499456,0.019786832999670878,112.39058433298487,[np.float64(-0.043333333333333335)],[np.float64(-0.22)],[1],[0],[0],[1.3461922079732176],[None],p4,001,2025-09-30_17h41.41.026,Experiment,,2025.1.1,119.75785011147751,2025-09-30 17h41.55.589986 +0530,
51,0,51,[np.float64(-0.3711111111111111)],[np.float64(0.14555555555555555)],[1],[0],[0],[1.8386655000213068],['target'],51,0,51,0,112.41267966700252,,5,112.40241612499813,112.41267966700252,112.41267966700252,0.011684541997965425,114.24115820799489,[np.float64(-0.3711111111111111)],[np.float64(0.14555555555555555)],[1],[0],[0],[1.8386655000213068],['target'],p4,001,2025-09-30_17h41.41.026,Experiment,,2025.1.1,119.75785011147751,2025-09-30 17h41.55.589986 +0530,
52,0,52,[np.float64(0.37)],[np.float64(-0.4588888888888889)],[1],[0],[0],[2.4440268329926766],[None],52,0,52,0,114.26841795799555,,5,114.25646308300202,114.26841795799555,114.26841795799555,0.015137416979996487,116.7005955829809,[np.float64(0.37)],[np.float64(-0.4588888888888889)],[1],[0],[0],[2.4440268329926766],[None],p4,001,2025-09-30_17h41.41.026,Experiment,,2025.1.1,119.75785011147751,2025-09-30 17h41.55.589986 +0530,
53,0,53,[np.float64(-0.24)],[np.float64(-0.48)],[1],[0],[0],[2.7769055829849094],['target'],53,0,53,0,116.74633841699688,,10,116.73177874999237,116.74633841699688,116.74633841699688,0.030916749994503334,119.50874170800671,[np.float64(-0.24)],[np.float64(-0.48)],[1],[0],[0],[2.7769055829849094],['target'],p4,001,2025-09-30_17h41.41.026,Experiment,,2025.1.1,119.75785011147751,2025-09-30 17h41.55.589986 +0530,
54,0,54,[np.float64(0.12222222222222222)],[np.float64(0.05)],[0],[0],[0],[2.255371750012273],['target'],54,0,54,0,119.54134324999177,,10,119.52951674998621,119.54134324999177,119.54134324999177,0.02059283302514814,121.7849693330063,[np.float64(0.12222222222222222)],[np.float64(0.05)],[0],[0],[0],[2.255371750012273],['target'],p4,001,2025-09-30_17h41.41.026,Experiment,,2025.1.1,119.75785011147751,2025-09-30 17h41.55.589986 +0530,
55,0,55,[np.float64(-0.23333333333333334)],[np.float64(-0.4866666666666667)],[1],[0],[0],[3.2355828330037184],['target'],55,0,55,0,121.93039958298323,,5,121.92291987498174,121.93039958298323,121.93039958298323,0.1377305409987457,125.15857708299882,[np.float64(-0.23333333333333334)],[np.float64(-0.4866666666666667)],[1],[0],[0],[3.2355828330037184],['target'],p4,001,2025-09-30_17h41.41.026,Experiment,,2025.1.1,119.75785011147751,2025-09-30 17h41.55.589986 +0530,
56,0,56,[np.float64(0.1322222222222222)],[np.float64(0.2511111111111111)],[1],[0],[0],[2.376173500000732],['target'],56,0,56,0,125.19762479199562,,10,125.18406058300752,125.19762479199562,125.19762479199562,0.025310665980214253,127.56030199999805,[np.float64(0.1322222222222222)],[np.float64(0.2511111111111111)],[1],[0],[0],[2.376173500000732],['target'],p4,001,2025-09-30_17h41.41.026,Experiment,,2025.1.1,119.75785011147751,2025-09-30 17h41.55.589986 +0530,
57,0,57,[np.float64(0.17222222222222222)],[np.float64(-0.06555555555555556)],[1],[0],[0],[1.4830718330049422],['target'],57,0,57,0,127.58685349998996,,5,127.57539250000264,127.58685349998996,127.58685349998996,0.014886417018715292,129.05853579199174,[np.float64(0.17222222222222222)],[np.float64(-0.06555555555555556)],[1],[0],[0],[1.4830718330049422],['target'],p4,001,2025-09-30_17h41.41.026,Experiment,,2025.1.1,119.75785011147751,2025-09-30 17h41.55.589986 +0530,
58,0,58,[np.float64(0.04777777777777778)],[np.float64(-0.3788888888888889)],[1],[0],[0],[4.2264226250117645],['target'],58,0,58,0,129.09951512498083,,10,129.0853227500047,129.09951512498083,129.09951512498083,0.02661533298669383,133.3118301249924,[np.float64(0.04777777777777778)],[np.float64(-0.3788888888888889)],[1],[0],[0],[4.2264226250117645],['target'],p4,001,2025-09-30_17h41.41.026,Experiment,,2025.1.1,119.75785011147751,2025-09-30 17h41.55.589986 +0530,
59,0,59,[np.float64(-0.17)],[np.float64(0.13)],[1],[0],[0],[4.015399500000058],['target'],59,0,59,0,133.3398205830017,,5,133.32785249999142,133.3398205830017,133.3398205830017,0.015771875012433156,137.343335499987,[np.float64(-0.17)],[np.float64(0.13)],[1],[0],[0],[4.015399500000058],['target'],p4,001,2025-09-30_17h41.41.026,Experiment,,2025.1.1,119.75785011147751,2025-09-30 17h41.55.589986 +0530,
60,0,60,[np.float64(-0.04)],[np.float64(-0.43666666666666665)],[1],[0],[0],[1.6330428749788553],['target'],60,0,60,0,137.37149120800314,,5,137.35955170798115,137.37149120800314,137.37149120800314,0.01600900001358241,138.9926740420051,[np.float64(-0.04)],[np.float64(-0.43666666666666665)],[1],[0],[0],[1.6330428749788553],['target'],p4,001,2025-09-30_17h41.41.026,Experiment,,2025.1.1,119.75785011147751,2025-09-30 17h41.55.589986 +0530,
61,0,61,[np.float64(0.28555555555555556)],[np.float64(0.46555555555555556)],[1],[0],[0],[1.5547442090173718],['target'],61,0,61,0,139.0355601249903,,10,139.02076766698156,139.0355601249903,139.0355601249903,0.02788412501104176,140.57557954199729,[np.float64(0.28555555555555556)],[np.float64(0.46555555555555556)],[1],[0],[0],[1.5547442090173718],['target'],p4,001,2025-09-30_17h41.41.026,Experiment,,2025.1.1,119.75785011147751,2025-09-30 17h41.55.589986 +0530,
62,0,62,[np.float64(-0.1688888888888889)],[np.float64(-0.12666666666666668)],[1],[0],[0],[1.9096878329874016],[None],62,0,62,0,140.61023299998487,,10,140.59804533299757,140.61023299998487,140.61023299998487,0.022287749976385385,142.5077960419876,[np.float64(-0.1688888888888889)],[np.float64(-0.12666666666666668)],[1],[0],[0],[1.9096878329874016],[None],p4,001,2025-09-30_17h41.41.026,Experiment,,2025.1.1,119.75785011147751,2025-09-30 17h41.55.589986 +0530,
63,0,63,[np.float64(0.29555555555555557)],[np.float64(0.49333333333333335)],[1],[0],[0],[1.9025118749996182],['target'],63,0,63,0,142.54003124998417,,10,142.52817912498722,142.54003124998417,142.54003124998417,0.020220792008331046,144.4307801249961,[np.float64(0.29555555555555557)],[np.float64(0.49333333333333335)],[1],[0],[0],[1.9025118749996182],['target'],p4,001,2025-09-30_17h41.41.026,Experiment,,2025.1.1,119.75785011147751,2025-09-30 17h41.55.589986 +0530,
64,0,64,[np.float64(0.2722222222222222)],[np.float64(0.3288888888888889)],[1],[0],[0],[1.483285166992573],[None],64,0,64,0,144.4505121249822,,5,144.4414814169868,144.4505121249822,144.4505121249822,0.0105336660053581,145.924863207998,[np.float64(0.2722222222222222)],[np.float64(0.3288888888888889)],[1],[0],[0],[1.483285166992573],[None],p4,001,2025-09-30_17h41.41.026,Experiment,,2025.1.1,119.75785011147751,2025-09-30 17h41.55.589986 +0530,
65,0,65,[np.float64(0.33111111111111113)],[np.float64(-0.33)],[1],[0],[0],[2.3420256660028826],['target'],65,0,65,0,145.9652991250041,,10,145.9516594169836,145.9652991250041,145.9652991250041,0.02662133300327696,148.29376604198478,[np.float64(0.33111111111111113)],[np.float64(-0.33)],[1],[0],[0],[2.3420256660028826],['target'],p4,001,2025-09-30_17h41.41.026,Experiment,,2025.1.1,119.75785011147751,2025-09-30 17h41.55.589986 +0530,
66,0,66,[np.float64(0.40555555555555556)],[np.float64(0.4111111111111111)],[1],[0],[0],[2.0510497920040507],['target'],66,0,66,0,148.3201020419947,,5,148.30904541700147,148.3201020419947,148.3201020419947,0.015061874990351498,150.36016804198152,[np.float64(0.40555555555555556)],[np.float64(0.4111111111111111)],[1],[0],[0],[2.0510497920040507],['target'],p4,001,2025-09-30_17h41.41.026,Experiment,,2025.1.1,119.75785011147751,2025-09-30 17h41.55.589986 +0530,
67,0,67,[np.float64(-0.12777777777777777)],[np.float64(-0.31555555555555553)],[1],[0],[0],[5.909490291000111],['target'],67,0,67,0,150.38641041700612,,5,150.3750215829932,150.38641041700612,150.38641041700612,0.014683791989227757,156.28462716698414,[np.float64(-0.12777777777777777)],[np.float64(-0.31555555555555553)],[1],[0],[0],[5.909490291000111],['target'],p4,001,2025-09-30_17h41.41.026,Experiment,,2025.1.1,119.75785011147751,2025-09-30 17h41.55.589986 +0530,
68,0,68,[np.float64(-0.027777777777777776)],[np.float64(0.3566666666666667)],[1],[0],[0],[1.8026185000198893],['target'],68,0,68,0,156.32991020800546,,10,156.31512404198293,156.32991020800546,156.32991020800546,0.03027058401494287,158.11779891699553,[np.float64(-0.027777777777777776)],[np.float64(0.3566666666666667)],[1],[0],[0],[1.8026185000198893],['target'],p4,001,2025-09-30_17h41.41.026,Experiment,,2025.1.1,119.75785011147751,2025-09-30 17h41.55.589986 +0530,
69,0,69,[np.float64(-0.13)],[np.float64(0.04777777777777778)],[1],[0],[0],[1.577363083983073],['target'],69,0,69,0,158.14379712499795,,5,158.1324767920014,158.14379712499795,158.14379712499795,0.014477415999863297,159.7099174580071,[np.float64(-0.13)],[np.float64(0.04777777777777778)],[1],[0],[0],[1.577363083983073],['target'],p4,001,2025-09-30_17h41.41.026,Experiment,,2025.1.1,119.75785011147751,2025-09-30 17h41.55.589986 +0530,
70,0,70,[np.float64(0.32222222222222224)],[np.float64(0.19555555555555557)],[1],[0],[0],[1.834736624994548],['target'],70,0,70,0,159.73529962499742,,5,159.72453095798846,159.73529962499742,159.73529962499742,0.014447583991568536,161.55933995798114,[np.float64(0.32222222222222224)],[np.float64(0.19555555555555557)],[1],[0],[0],[1.834736624994548],['target'],p4,001,2025-09-30_17h41.41.026,Experiment,,2025.1.1,119.75785011147751,2025-09-30 17h41.55.589986 +0530,
71,0,71,[np.float64(-0.47)],[np.float64(0.4811111111111111)],[1],[0],[0],[1.6221640830044635],[None],71,0,71,0,161.58679516700795,,5,161.57571683300193,161.58679516700795,161.58679516700795,0.01619925000704825,163.19795750000048,[np.float64(-0.47)],[np.float64(0.4811111111111111)],[1],[0],[0],[1.6221640830044635],[None],p4,001,2025-09-30_17h41.41.026,Experiment,,2025.1.1,119.75785011147751,2025-09-30 17h41.55.589986 +0530,
72,0,72,[np.float64(0.23222222222222222)],[np.float64(-0.4444444444444444)],[1],[0],[0],[1.9688527499965858],[None],72,0,72,0,163.23683124998934,,10,163.2229880419909,163.23683124998934,163.23683124998934,0.024862208985723555,165.19189441698836,[np.float64(0.23222222222222222)],[np.float64(-0.4444444444444444)],[1],[0],[0],[1.9688527499965858],[None],p4,001,2025-09-30_17h41.41.026,Experiment,,2025.1.1,119.75785011147751,2025-09-30 17h41.55.589986 +0530,
73,0,73,[np.float64(0.1)],[np.float64(-0.12333333333333334)],[1],[0],[0],[1.7806471250078175],['target'],73,0,73,0,165.222944292007,,10,165.21141674998216,165.222944292007,165.222944292007,0.019360958016477525,166.99214395799208,[np.float64(0.1)],[np.float64(-0.12333333333333334)],[1],[0],[0],[1.7806471250078175],['target'],p4,001,2025-09-30_17h41.41.026,Experiment,,2025.1.1,119.75785011147751,2025-09-30 17h41.55.589986 +0530,
74,0,74,[np.float64(-0.4177777777777778)],[np.float64(0.30444444444444446)],[1],[0],[0],[4.552906124998117],['target'],74,0,74,0,167.0174341670063,,5,167.00641287499457,167.0174341670063,167.0174341670063,0.014054917002795264,171.55941124999663,[np.float64(-0.4177777777777778)],[np.float64(0.30444444444444446)],[1],[0],[0],[4.552906124998117],['target'],p4,001,2025-09-30_17h41.41.026,Experiment,,2025.1.1,119.75785011147751,2025-09-30 17h41.55.589986 +0530,
75,0,75,[np.float64(-0.18555555555555556)],[np.float64(0.31)],[1],[0],[0],[1.855084959010128],['target'],75,0,75,0,171.60032395800226,,10,171.5862707500055,171.60032395800226,171.60032395800226,0.026654832996428013,173.4414234169817,[np.float64(-0.18555555555555556)],[np.float64(0.31)],[1],[0],[0],[1.855084959010128],['target'],p4,001,2025-09-30_17h41.41.026,Experiment,,2025.1.1,119.75785011147751,2025-09-30 17h41.55.589986 +0530,
76,0,76,[np.float64(-0.058888888888888886)],[np.float64(0.3711111111111111)],[1],[0],[0],[1.2564562920015305],['target'],76,0,76,0,173.46316987500177,,5,173.45286904199747,173.46316987500177,173.46316987500177,0.011284791980870068,174.70941762498114,[np.float64(-0.058888888888888886)],[np.float64(0.3711111111111111)],[1],[0],[0],[1.2564562920015305],['target'],p4,001,2025-09-30_17h41.41.026,Experiment,,2025.1.1,119.75785011147751,2025-09-30 17h41.55.589986 +0530,
77,0,77,[np.float64(0.37222222222222223)],[np.float64(0.5)],[1],[0],[0],[1.9232995409984142],['target'],77,0,77,0,174.73687266698107,,5,174.72526958299568,174.73687266698107,174.73687266698107,0.015652208996471018,176.64866237499518,[np.float64(0.37222222222222223)],[np.float64(0.5)],[1],[0],[0],[1.9232995409984142],['target'],p4,001,2025-09-30_17h41.41.026,Experiment,,2025.1.1,119.75785011147751,2025-09-30 17h41.55.589986 +0530,
78,0,78,[np.float64(0.43777777777777777)],[np.float64(0.27555555555555555)],[1],[0],[0],[2.0621327919943724],['target'],78,0,78,0,176.67430108299595,,5,176.66320195799926,176.67430108299595,176.67430108299595,0.014349208999192342,178.7253612499917,[np.float64(0.43777777777777777)],[np.float64(0.27555555555555555)],[1],[0],[0],[2.0621327919943724],['target'],p4,001,2025-09-30_17h41.41.026,Experiment,,2025.1.1,119.75785011147751,2025-09-30 17h41.55.589986 +0530,
79,0,79,[np.float64(0.38666666666666666)],[np.float64(-0.47333333333333333)],[1],[0],[0],[1.6445340419886634],[None],79,0,79,0,178.73954970799969,,5,178.73179662498296,178.73954970799969,178.73954970799969,0.006359457998769358,180.3764259580057,[np.float64(0.38666666666666666)],[np.float64(-0.47333333333333333)],[1],[0],[0],[1.6445340419886634],[None],p4,001,2025-09-30_17h41.41.026,Experiment,,2025.1.1,119.75785011147751,2025-09-30 17h41.55.589986 +0530,
80,0,80,[np.float64(0.3288888888888889)],[np.float64(-0.2388888888888889)],[1],[0],[0],[1.8024264999839943],['target'],80,0,80,0,180.42061991698574,,10,180.40592362498865,180.42061991698574,180.42061991698574,0.029288958001416177,182.20839579199674,[np.float64(0.3288888888888889)],[np.float64(-0.2388888888888889)],[1],[0],[0],[1.8024264999839943],['target'],p4,001,2025-09-30_17h41.41.026,Experiment,,2025.1.1,119.75785011147751,2025-09-30 17h41.55.589986 +0530,
81,0,81,[np.float64(-0.16)],[np.float64(-0.43)],[1],[0],[0],[2.6254087499983143],['target'],81,0,81,0,182.22965191700496,,5,182.21979983299389,182.22965191700496,182.22965191700496,0.011250291980104521,184.8453001669841,[np.float64(-0.16)],[np.float64(-0.43)],[1],[0],[0],[2.6254087499983143],['target'],p4,001,2025-09-30_17h41.41.026,Experiment,,2025.1.1,119.75785011147751,2025-09-30 17h41.55.589986 +0530,
82,0,82,[np.float64(-0.017777777777777778)],[np.float64(-0.27555555555555555)],[1],[0],[0],[1.6837085829756688],['target'],82,0,82,0,184.889791374997,,10,184.8752979169949,184.889791374997,184.889791374997,0.029789292020723224,186.55906445800792,[np.float64(-0.017777777777777778)],[np.float64(-0.27555555555555555)],[1],[0],[0],[1.6837085829756688],['target'],p4,001,2025-09-30_17h41.41.026,Experiment,,2025.1.1,119.75785011147751,2025-09-30 17h41.55.589986 +0530,
83,0,83,[np.float64(0.044444444444444446)],[np.float64(-0.43666666666666665)],[1],[0],[0],[1.805624959000852],['target'],83,0,83,0,186.5818262079847,,5,186.57114524999633,186.5818262079847,186.5818262079847,0.011903584003448486,188.37686225000652,[np.float64(0.044444444444444446)],[np.float64(-0.43666666666666665)],[1],[0],[0],[1.805624959000852],['target'],p4,001,2025-09-30_17h41.41.026,Experiment,,2025.1.1,119.75785011147751,2025-09-30 17h41.55.589986 +0530,
84,0,84,[np.float64(-0.01888888888888889)],[np.float64(0.16)],[1],[0],[0],[2.653085749974707],['target'],84,0,84,0,188.41976362498826,,10,188.40545500000007,188.41976362498826,188.41976362498826,0.028383666998706758,191.05861208299757,[np.float64(-0.01888888888888889)],[np.float64(0.16)],[1],[0],[0],[2.653085749974707],['target'],p4,001,2025-09-30_17h41.41.026,Experiment,,2025.1.1,119.75785011147751,2025-09-30 17h41.55.589986 +0530,
85,0,85,[np.float64(-0.005555555555555556)],[np.float64(0.1322222222222222)],[0],[0],[0],[0.9737537500041071],['target'],85,0,85,0,191.09086087500327,,10,191.07903633298702,191.09086087500327,191.09086087500327,0.020251750014722347,192.05285512498813,[np.float64(-0.005555555555555556)],[np.float64(0.1322222222222222)],[0],[0],[0],[0.9737537500041071],['target'],p4,001,2025-09-30_17h41.41.026,Experiment,,2025.1.1,119.75785011147751,2025-09-30 17h41.55.589986 +0530,
86,0,86,[np.float64(0.13111111111111112)],[np.float64(0.22333333333333333)],[0],[0],[0],[1.887855999986641],['target'],86,0,86,0,192.07641408298514,,5,192.06606124999234,192.07641408298514,192.07641408298514,0.013029417023062706,193.9540099579899,[np.float64(0.13111111111111112)],[np.float64(0.22333333333333333)],[0],[0],[0],[1.887855999986641],['target'],p4,001,2025-09-30_17h41.41.026,Experiment,,2025.1.1,119.75785011147751,2025-09-30 17h41.55.589986 +0530,
87,0,87,[np.float64(0.37333333333333335)],[np.float64(0.3244444444444444)],[1],[0],[0],[2.0219647499907296],['target'],87,0,87,0,193.98176833300386,,5,193.97073908298626,193.98176833300386,193.98176833300386,0.016516500007128343,195.99278108298313,[np.float64(0.37333333333333335)],[np.float64(0.3244444444444444)],[1],[0],[0],[2.0219647499907296],['target'],p4,001,2025-09-30_17h41.41.026,Experiment,,2025.1.1,119.75785011147751,2025-09-30 17h41.55.589986 +0530,
88,0,88,[np.float64(-0.03666666666666667)],[np.float64(-0.18333333333333332)],[0],[0],[0],[2.0320140830008313],[None],88,0,88,0,196.03555633299402,,10,196.02120399998967,196.03555633299402,196.03555633299402,0.028221874992595986,198.05328954200377,[np.float64(-0.03666666666666667)],[np.float64(-0.18333333333333332)],[0],[0],[0],[2.0320140830008313],[None],p4,001,2025-09-30_17h41.41.026,Experiment,,2025.1.1,119.75785011147751,2025-09-30 17h41.55.589986 +0530,
89,0,89,[np.float64(0.43333333333333335)],[np.float64(-0.2611111111111111)],[1],[0],[0],[1.5820763329975307],['target'],89,0,89,0,198.09167220798554,,10,198.07851854199544,198.09167220798554,198.09167220798554,0.025022666988661513,199.66065166698536,[np.float64(0.43333333333333335)],[np.float64(-0.2611111111111111)],[1],[0],[0],[1.5820763329975307],['target'],p4,001,2025-09-30_17h41.41.026,Experiment,,2025.1.1,119.75785011147751,2025-09-30 17h41.55.589986 +0530,
90,0,90,[np.float64(0.07888888888888888)],[np.float64(0.41888888888888887)],[1],[0],[0],[2.9083859999955166],[None],90,0,90,0,199.69727354199858,,10,199.68412862499827,199.69727354199858,199.69727354199858,0.0233027090143878,202.59257429200807,[np.float64(0.07888888888888888)],[np.float64(0.41888888888888887)],[1],[0],[0],[2.9083859999955166],[None],p4,001,2025-09-30_17h41.41.026,Experiment,,2025.1.1,119.75785011147751,2025-09-30 17h41.55.589986 +0530,
91,0,91,[np.float64(0.35444444444444445)],[np.float64(0.4677777777777778)],[1],[0],[0],[4.450775000004796],[None],91,0,91,0,202.62572162499418,,10,202.6140280420077,202.62572162499418,202.62572162499418,0.0212684579892084,207.06487591698533,[np.float64(0.35444444444444445)],[np.float64(0.4677777777777778)],[1],[0],[0],[4.450775000004796],[None],p4,001,2025-09-30_17h41.41.026,Experiment,,2025.1.1,119.75785011147751,2025-09-30 17h41.55.589986 +0530,
92,0,92,[np.float64(-0.18888888888888888)],[np.float64(0.04666666666666667)],[1],[0],[0],[5.309925000008661],['target'],92,0,92,0,207.09607029199833,,10,207.0847434999887,207.09607029199833,207.09607029199833,0.0196752909978386,212.39474579200032,[np.float64(-0.18888888888888888)],[np.float64(0.04666666666666667)],[1],[0],[0],[5.309925000008661],['target'],p4,001,2025-09-30_17h41.41.026,Experiment,,2025.1.1,119.75785011147751,2025-09-30 17h41.55.589986 +0530,
93,0,93,[np.float64(0.1688888888888889)],[np.float64(-0.16444444444444445)],[1],[0],[0],[2.676061167003354],['target'],93,0,93,0,212.42869583299034,,10,212.41686158298398,212.42869583299034,212.42869583299034,0.021916458994382992,215.0929782500025,[np.float64(0.1688888888888889)],[np.float64(-0.16444444444444445)],[1],[0],[0],[2.676061167003354],['target'],p4,001,2025-09-30_17h41.41.026,Experiment,,2025.1.1,119.75785011147751,2025-09-30 17h41.55.589986 +0530,
94,0,94,[np.float64(0.2088888888888889)],[np.float64(-0.2922222222222222)],[1],[0],[0],[1.5906346249976195],[None],94,0,94,0,215.11422208300792,,5,215.1043966669822,215.11422208300792,215.11422208300792,0.011264417000347748,216.69512520800345,[np.float64(0.2088888888888889)],[np.float64(-0.2922222222222222)],[1],[0],[0],[1.5906346249976195],[None],p4,001,2025-09-30_17h41.41.026,Experiment,,2025.1.1,119.75785011147751,2025-09-30 17h41.55.589986 +0530,
95,0,95,[np.float64(-0.3022222222222222)],[np.float64(-0.35555555555555557)],[1],[0],[0],[4.135857667017262],['target'],95,0,95,0,216.73747658298817,,10,216.72339183298755,216.73747658298817,216.73747658298817,0.02806062498711981,220.8593084999884,[np.float64(-0.3022222222222222)],[np.float64(-0.35555555555555557)],[1],[0],[0],[4.135857667017262],['target'],p4,001,2025-09-30_17h41.41.026,Experiment,,2025.1.1,119.75785011147751,2025-09-30 17h41.55.589986 +0530,
96,0,96,[np.float64(-0.3466666666666667)],[np.float64(0.0044444444444444444)],[1],[0],[0],[4.712972915993305],['target'],96,0,96,0,220.89139466700726,,10,220.87981808299082,220.89139466700726,220.89139466700726,0.02034904097672552,225.5928472079977,[np.float64(-0.3466666666666667)],[np.float64(0.0044444444444444444)],[1],[0],[0],[4.712972915993305],['target'],p4,001,2025-09-30_17h41.41.026,Experiment,,2025.1.1,119.75785011147751,2025-09-30 17h41.55.589986 +0530,
97,0,97,[np.float64(-0.07777777777777778)],[np.float64(-0.39111111111111113)],[1],[0],[0],[1.8896430419990793],['target'],97,0,97,0,225.61477516699233,,5,225.60448987499694,225.61477516699233,225.61477516699233,0.011484791990369558,227.49420924999868,[np.float64(-0.07777777777777778)],[np.float64(-0.39111111111111113)],[1],[0],[0],[1.8896430419990793],['target'],p4,001,2025-09-30_17h41.41.026,Experiment,,2025.1.1,119.75785011147751,2025-09-30 17h41.55.589986 +0530,
98,0,98,[np.float64(0.08222222222222222)],[np.float64(0.04111111111111111)],[1],[0],[0],[1.9055459999945015],['target'],98,0,98,0,227.53501274998416,,10,227.5207970830088,227.53501274998416,227.53501274998416,0.026419333997182548,229.42639345800853,[np.float64(0.08222222222222222)],[np.float64(0.04111111111111111)],[1],[0],[0],[1.9055459999945015],['target'],p4,001,2025-09-30_17h41.41.026,Experiment,,2025.1.1,119.75785011147751,2025-09-30 17h41.55.589986 +0530,
99,0,99,[np.float64(-0.13333333333333333)],[np.float64(0.15222222222222223)],[1],[0],[0],[3.5317655410035513],['target'],99,0,99,0,229.4585565830057,,10,229.4470871250087,229.4585565830057,229.4585565830057,0.020509124995442107,232.97892324998975,[np.float64(-0.13333333333333333)],[np.float64(0.15222222222222223)],[1],[0],[0],[3.5317655410035513],['target'],p4,001,2025-09-30_17h41.41.026,Experiment,,2025.1.1,119.75785011147751,2025-09-30 17h41.55.589986 +0530,
100,0,100,[np.float64(-0.2411111111111111)],[np.float64(-0.4288888888888889)],[1],[0],[0],[1.9511067499988712],['target'],100,0,100,0,233.00534924998647,,5,232.99394575000042,233.00534924998647,233.00534924998647,0.014821415999904275,234.94512570800725,[np.float64(-0.2411111111111111)],[np.float64(-0.4288888888888889)],[1],[0],[0],[1.9511067499988712],['target'],p4,001,2025-09-30_17h41.41.026,Experiment,,2025.1.1,119.75785011147751,2025-09-30 17h41.55.589986 +0530,
101,0,101,[np.float64(0.042222222222222223)],[np.float64(-0.3888888888888889)],[1],[0],[0],[1.721257916011382],['target'],101,0,101,0,234.98549733299296,,10,234.97165712498827,234.98549733299296,234.98549733299296,0.026359166018664837,236.69295929200598,[np.float64(0.042222222222222223)],[np.float64(-0.3888888888888889)],[1],[0],[0],[1.721257916011382],['target'],p4,001,2025-09-30_17h41.41.026,Experiment,,2025.1.1,119.75785011147751,2025-09-30 17h41.55.589986 +0530,
102,0,102,[np.float64(-0.16444444444444445)],[np.float64(0.20333333333333334)],[1],[0],[0],[4.046916917024646],['target'],102,0,102,0,236.72435758300708,,10,236.7129788750026,236.72435758300708,236.72435758300708,0.01986708299955353,240.7599496670009,[np.float64(-0.16444444444444445)],[np.float64(0.20333333333333334)],[1],[0],[0],[4.046916917024646],['target'],p4,001,2025-09-30_17h41.41.026,Experiment,,2025.1.1,119.75785011147751,2025-09-30 17h41.55.589986 +0530,
103,0,103,[np.float64(0.44555555555555554)],[np.float64(0.13444444444444445)],[1],[0],[0],[2.9477725000178907],['target'],103,0,103,0,240.79166920800344,,10,240.78044129200862,240.79166920800344,240.79166920800344,0.02033558301627636,243.72826837500907,[np.float64(0.44555555555555554)],[np.float64(0.13444444444444445)],[1],[0],[0],[2.9477725000178907],['target'],p4,001,2025-09-30_17h41.41.026,Experiment,,2025.1.1,119.75785011147751,2025-09-30 17h41.55.589986 +0530,
104,0,104,[np.float64(0.37)],[np.float64(-0.21777777777777776)],[1],[0],[0],[1.9369005000044126],['target'],104,0,104,0,243.7506500419986,,5,243.7401315830066,243.7506500419986,243.7506500419986,0.011713584011886269,245.67710299999453,[np.float64(0.37)],[np.float64(-0.21777777777777776)],[1],[0],[0],[1.9369005000044126],['target'],p4,001,2025-09-30_17h41.41.026,Experiment,,2025.1.1,119.75785011147751,2025-09-30 17h41.55.589986 +0530,
105,0,105,[np.float64(-0.14777777777777779)],[np.float64(0.28444444444444444)],[1],[0],[0],[2.1901278749865014],['target'],105,0,105,0,245.71740808300092,,10,245.7031133749988,245.71740808300092,245.71740808300092,0.02584170800400898,247.8932765419886,[np.float64(-0.14777777777777779)],[np.float64(0.28444444444444444)],[1],[0],[0],[2.1901278749865014],['target'],p4,001,2025-09-30_17h41.41.026,Experiment,,2025.1.1,119.75785011147751,2025-09-30 17h41.55.589986 +0530,
106,0,106,[np.float64(0.09777777777777778)],[np.float64(0.3622222222222222)],[1],[0],[0],[3.2538758750015404],[None],106,0,106,0,247.91559908300405,,10,247.90580483298982,247.91559908300405,247.91559908300405,0.012439417012501508,251.15974070798256,[np.float64(0.09777777777777778)],[np.float64(0.3622222222222222)],[1],[0],[0],[3.2538758750015404],[None],p4,001,2025-09-30_17h41.41.026,Experiment,,2025.1.1,119.75785011147751,2025-09-30 17h41.55.589986 +0530,
107,0,107,[np.float64(-0.2788888888888889)],[np.float64(0.2544444444444444)],[1],[0],[0],[2.457367916009389],['target'],107,0,107,0,251.1815879579808,,5,251.171268917009,251.1815879579808,251.1815879579808,0.01137162500526756,253.62871383299353,[np.float64(-0.2788888888888889)],[np.float64(0.2544444444444444)],[1],[0],[0],[2.457367916009389],['target'],p4,001,2025-09-30_17h41.41.026,Experiment,,2025.1.1,119.75785011147751,2025-09-30 17h41.55.589986 +0530,
108,0,108,[np.float64(-0.07)],[np.float64(-0.17555555555555555)],[1],[0],[0],[3.171879750007065],['target'],108,0,108,0,253.66955774999224,,10,253.655580791994,253.66955774999224,253.66955774999224,0.02666758297709748,256.8275290419988,[np.float64(-0.07)],[np.float64(-0.17555555555555555)],[1],[0],[0],[3.171879750007065],['target'],p4,001,2025-09-30_17h41.41.026,Experiment,,2025.1.1,119.75785011147751,2025-09-30 17h41.55.589986 +0530,
109,0,109,[np.float64(0.10777777777777778)],[np.float64(0.2833333333333333)],[1],[0],[0],[2.455547666992061],['target'],109,0,109,0,256.84998987498693,,5,256.8395099169866,256.84998987498693,256.84998987498693,0.011807541974121705,259.2951497079921,[np.float64(0.10777777777777778)],[np.float64(0.2833333333333333)],[1],[0],[0],[2.455547666992061],['target'],p4,001,2025-09-30_17h41.41.026,Experiment,,2025.1.1,119.75785011147751,2025-09-30 17h41.55.589986 +0530,
110,0,110,[np.float64(0.04555555555555556)],[np.float64(-0.26222222222222225)],[1],[0],[0],[1.6871102089935448],['target'],110,0,110,0,259.3391947920027,,10,259.32474783298676,259.3391947920027,259.3391947920027,0.02939504201640375,261.01193245800096,[np.float64(0.04555555555555556)],[np.float64(-0.26222222222222225)],[1],[0],[0],[1.6871102089935448],['target'],p4,001,2025-09-30_17h41.41.026,Experiment,,2025.1.1,119.75785011147751,2025-09-30 17h41.55.589986 +0530,
111,0,111,[np.float64(-0.09777777777777778)],[np.float64(-0.45444444444444443)],[1],[0],[0],[1.9866036669991445],['target'],111,0,111,0,261.0358883749868,,5,261.02489787500235,261.0358883749868,261.0358883749868,0.012788915977580473,263.01157466700533,[np.float64(-0.09777777777777778)],[np.float64(-0.45444444444444443)],[1],[0],[0],[1.9866036669991445],['target'],p4,001,2025-09-30_17h41.41.026,Experiment,,2025.1.1,119.75785011147751,2025-09-30 17h41.55.589986 +0530,
112,0,112,[np.float64(0.26)],[np.float64(-0.21777777777777776)],[1],[0],[0],[1.4188555419968907],['target'],112,0,112,0,263.03751483300584,,5,263.0259864999971,263.03751483300584,263.03751483300584,0.014245166996261105,264.44492883299245,[np.float64(0.26)],[np.float64(-0.21777777777777776)],[1],[0],[0],[1.4188555419968907],['target'],p4,001,2025-09-30_17h41.41.026,Experiment,,2025.1.1,119.75785011147751,2025-09-30 17h41.55.589986 +0530,
113,0,113,[np.float64(0.44333333333333336)],[np.float64(0.23555555555555555)],[1],[0],[0],[1.633214458997827],[None],113,0,113,0,264.4725973329914,,5,264.4610767499835,264.4725973329914,264.4725973329914,0.015944708982715383,266.09436074999394,[np.float64(0.44333333333333336)],[np.float64(0.23555555555555555)],[1],[0],[0],[1.633214458997827],[None],p4,001,2025-09-30_17h41.41.026,Experiment,,2025.1.1,119.75785011147751,2025-09-30 17h41.55.589986 +0530,
114,0,114,[np.float64(0.3377777777777778)],[np.float64(0.29)],[1],[0],[0],[3.084655542013934],[None],114,0,114,0,266.121401707991,,5,266.1099351249868,266.121401707991,266.121401707991,0.01540912498603575,269.1946717079845,[np.float64(0.3377777777777778)],[np.float64(0.29)],[1],[0],[0],[3.084655542013934],[None],p4,001,2025-09-30_17h41.41.026,Experiment,,2025.1.1,119.75785011147751,2025-09-30 17h41.55.589986 +0530,
115,0,115,[np.float64(0.1622222222222222)],[np.float64(0.06555555555555556)],[1],[0],[0],[2.5552436250145547],['target'],115,0,115,0,269.2393124169903,,10,269.22457200000645,269.2393124169903,269.2393124169903,0.02969833300448954,271.77987795800436,[np.float64(0.1622222222222222)],[np.float64(0.06555555555555556)],[1],[0],[0],[2.5552436250145547],['target'],p4,001,2025-09-30_17h41.41.026,Experiment,,2025.1.1,119.75785011147751,2025-09-30 17h41.55.589986 +0530,
116,0,116,[np.float64(0.3244444444444444)],[np.float64(0.23222222222222222)],[1],[0],[0],[1.4099359999818262],['target'],116,0,116,0,271.8182224170014,,10,271.804631624982,271.8182224170014,271.8182224170014,0.024549207999370992,273.2146555419895,[np.float64(0.3244444444444444)],[np.float64(0.23222222222222222)],[1],[0],[0],[1.4099359999818262],['target'],p4,001,2025-09-30_17h41.41.026,Experiment,,2025.1.1,119.75785011147751,2025-09-30 17h41.55.589986 +0530,
117,0,117,[np.float64(-0.23333333333333334)],[np.float64(0.2611111111111111)],[1],[0],[0],[1.880298749980284],['target'],117,0,117,0,273.2427759580023,,5,273.2313477919961,273.2427759580023,273.2427759580023,0.016444707987830043,275.1117153750092,[np.float64(-0.23333333333333334)],[np.float64(0.2611111111111111)],[1],[0],[0],[1.880298749980284],['target'],p4,001,2025-09-30_17h41.41.026,Experiment,,2025.1.1,119.75785011147751,2025-09-30 17h41.55.589986 +0530,
118,0,118,[np.float64(0.27444444444444444)],[np.float64(0.4)],[1],[0],[0],[1.7063547500001732],['target'],118,0,118,0,275.1524682919844,,10,275.13847949999035,275.1524682919844,275.1524682919844,0.02659433297230862,276.84489066700917,[np.float64(0.27444444444444444)],[np.float64(0.4)],[1],[0],[0],[1.7063547500001732],['target'],p4,001,2025-09-30_17h41.41.026,Experiment,,2025.1.1,119.75785011147751,2025-09-30 17h41.55.589986 +0530,
119,0,119,[np.float64(0.44555555555555554)],[np.float64(-0.39444444444444443)],[1],[0],[0],[2.4093920000013895],['target'],119,0,119,0,276.881583749986,,10,276.86880070800544,276.881583749986,276.881583749986,0.023738332994980738,279.2782511670084,[np.float64(0.44555555555555554)],[np.float64(-0.39444444444444443)],[1],[0],[0],[2.4093920000013895],['target'],p4,001,2025-09-30_17h41.41.026,Experiment,,2025.1.1,119.75785011147751,2025-09-30 17h41.55.589986 +0530,
120,0,120,[np.float64(-0.34444444444444444)],[np.float64(0.2633333333333333)],[1],[0],[0],[2.5563887500029523],['target'],120,0,120,0,279.29763766698306,,5,279.28889508300927,279.29763766698306,279.29763766698306,0.010480500000994653,281.84537937500863,[np.float64(-0.34444444444444444)],[np.float64(0.2633333333333333)],[1],[0],[0],[2.5563887500029523],['target'],p4,001,2025-09-30_17h41.41.026,Experiment,,2025.1.1,119.75785011147751,2025-09-30 17h41.55.589986 +0530,
121,0,121,[np.float64(0.12444444444444444)],[np.float64(-0.3322222222222222)],[1],[0],[0],[2.016156708006747],['target'],121,0,121,0,281.8746287499962,,5,281.8623435829941,281.8746287499962,281.8746287499962,0.016764166997745633,283.8785531249887,[np.float64(0.12444444444444444)],[np.float64(-0.3322222222222222)],[1],[0],[0],[2.016156708006747],['target'],p4,001,2025-09-30_17h41.41.026,Experiment,,2025.1.1,119.75785011147751,2025-09-30 17h41.55.589986 +0530,
122,0,122,[np.float64(0.14555555555555555)],[np.float64(0.3522222222222222)],[1],[0],[0],[3.9925009580038022],['target'],122,0,122,0,283.9199688329827,,10,283.90550308299134,283.9199688329827,283.9199688329827,0.026784082991071045,287.89809058298124,[np.float64(0.14555555555555555)],[np.float64(0.3522222222222222)],[1],[0],[0],[3.9925009580038022],['target'],p4,001,2025-09-30_17h41.41.026,Experiment,,2025.1.1,119.75785011147751,2025-09-30 17h41.55.589986 +0530,
123,0,123,[np.float64(0.052222222222222225)],[np.float64(0.18222222222222223)],[1],[0],[0],[2.252175542002078],['target'],123,0,123,0,287.93983166699763,,10,287.9256027920055,287.93983166699763,287.93983166699763,0.027268083998933434,290.177838625008,[np.float64(0.052222222222222225)],[np.float64(0.18222222222222223)],[1],[0],[0],[2.252175542002078],['target'],p4,001,2025-09-30_17h41.41.026,Experiment,,2025.1.1,119.75785011147751,2025-09-30 17h41.55.589986 +0530,
124,0,124,[np.float64(0.3977777777777778)],[np.float64(-0.30777777777777776)],[1],[0],[0],[3.2389800829987507],['target'],124,0,124,0,290.1999275420094,,5,290.19010549999075,290.1999275420094,290.1999275420094,0.012070041993865743,293.4291822499945,[np.float64(0.3977777777777778)],[np.float64(-0.30777777777777776)],[1],[0],[0],[3.2389800829987507],['target'],p4,001,2025-09-30_17h41.41.026,Experiment,,2025.1.1,119.75785011147751,2025-09-30 17h41.55.589986 +0530,
125,0,125,[np.float64(-0.07888888888888888)],[np.float64(0.19111111111111112)],[1],[0],[0],[1.6829142079805024],['target'],125,0,125,0,293.45754025000497,,5,293.44611774999066,293.45754025000497,293.45754025000497,0.016716333979275078,295.12909812500584,[np.float64(-0.07888888888888888)],[np.float64(0.19111111111111112)],[1],[0],[0],[1.6829142079805024],['target'],p4,001,2025-09-30_17h41.41.026,Experiment,,2025.1.1,119.75785011147751,2025-09-30 17h41.55.589986 +0530,
126,0,126,[np.float64(-0.24333333333333335)],[np.float64(0.4811111111111111)],[0],[0],[0],[1.6777431659866124],['target'],126,0,126,0,295.15565324999625,,5,295.14402224999503,295.15565324999625,295.15565324999625,0.01474779099225998,296.821865624981,[np.float64(-0.24333333333333335)],[np.float64(0.4811111111111111)],[0],[0],[0],[1.6777431659866124],['target'],p4,001,2025-09-30_17h41.41.026,Experiment,,2025.1.1,119.75785011147751,2025-09-30 17h41.55.589986 +0530,
127,0,127,[np.float64(0.014444444444444444)],[np.float64(0.27555555555555555)],[1],[0],[0],[1.4105637500179],['target'],127,0,127,0,296.8454624169972,,5,296.83493374998216,296.8454624169972,296.8454624169972,0.01289070799248293,298.24556250000023,[np.float64(0.014444444444444444)],[np.float64(0.27555555555555555)],[1],[0],[0],[1.4105637500179],['target'],p4,001,2025-09-30_17h41.41.026,Experiment,,2025.1.1,119.75785011147751,2025-09-30 17h41.55.589986 +0530,
128,0,128,[np.float64(-0.06444444444444444)],[np.float64(0.10777777777777778)],[1],[0],[0],[2.184700542013161],['target'],128,0,128,0,298.27298874998814,,5,298.2608894169971,298.27298874998814,298.27298874998814,0.01514516698080115,300.4456626249885,[np.float64(-0.06444444444444444)],[np.float64(0.10777777777777778)],[1],[0],[0],[2.184700542013161],['target'],p4,001,2025-09-30_17h41.41.026,Experiment,,2025.1.1,119.75785011147751,2025-09-30 17h41.55.589986 +0530,
129,0,129,[np.float64(-0.13)],[np.float64(0.4177777777777778)],[1],[0],[0],[3.82655454199994],['target'],129,0,129,0,300.48487399998703,,10,300.4709787920001,300.48487399998703,300.48487399998703,0.02515283299726434,304.29760458300007,[np.float64(-0.13)],[np.float64(0.4177777777777778)],[1],[0],[0],[3.82655454199994],['target'],p4,001,2025-09-30_17h41.41.026,Experiment,,2025.1.1,119.75785011147751,2025-09-30 17h41.55.589986 +0530,
130,0,130,[np.float64(-0.29444444444444445)],[np.float64(-0.38222222222222224)],[1],[0],[0],[2.667254083993612],['target'],130,0,130,0,304.32278495799983,,5,304.3119420830044,304.32278495799983,304.32278495799983,0.014119667001068592,306.9792730830086,[np.float64(-0.29444444444444445)],[np.float64(-0.38222222222222224)],[1],[0],[0],[2.667254083993612],['target'],p4,001,2025-09-30_17h41.41.026,Experiment,,2025.1.1,119.75785011147751,2025-09-30 17h41.55.589986 +0530,
131,0,131,[np.float64(-0.16666666666666666)],[np.float64(0.45555555555555555)],[1],[0],[0],[1.9842279159929603],['target'],131,0,131,0,307.00640991699765,,5,306.994831582997,307.00640991699765,307.00640991699765,0.015363499987870455,308.97913975000847,[np.float64(-0.16666666666666666)],[np.float64(0.45555555555555555)],[1],[0],[0],[1.9842279159929603],['target'],p4,001,2025-09-30_17h41.41.026,Experiment,,2025.1.1,119.75785011147751,2025-09-30 17h41.55.589986 +0530,
132,0,132,[np.float64(-0.17777777777777778)],[np.float64(0.0011111111111111111)],[1],[0],[0],[3.0578964999876916],['target'],132,0,132,0,309.0219085419958,,10,309.00713229199755,309.0219085419958,309.0219085419958,0.027791875007096678,312.0651104169956,[np.float64(-0.17777777777777778)],[np.float64(0.0011111111111111111)],[1],[0],[0],[3.0578964999876916],['target'],p4,001,2025-09-30_17h41.41.026,Experiment,,2025.1.1,119.75785011147751,2025-09-30 17h41.55.589986 +0530,
133,0,133,[np.float64(-0.43777777777777777)],[np.float64(-0.42777777777777776)],[1],[0],[0],[2.5643464169988874],['target'],133,0,133,0,312.0932264169969,,5,312.08163016699837,312.0932264169969,312.0932264169969,0.016277457994874567,314.6460599999991,[np.float64(-0.43777777777777777)],[np.float64(-0.42777777777777776)],[1],[0],[0],[2.5643464169988874],['target'],p4,001,2025-09-30_17h41.41.026,Experiment,,2025.1.1,119.75785011147751,2025-09-30 17h41.55.589986 +0530,
134,0,134,[np.float64(0.34)],[np.float64(-0.13777777777777778)],[1],[0],[0],[2.4055931660113856],[None],134,0,134,0,314.6869562919892,,10,314.6730902499985,314.6869562919892,314.6869562919892,0.02682466697297059,317.0787317919894,[np.float64(0.34)],[np.float64(-0.13777777777777778)],[1],[0],[0],[2.4055931660113856],[None],p4,001,2025-09-30_17h41.41.026,Experiment,,2025.1.1,119.75785011147751,2025-09-30 17h41.55.589986 +0530,
135,0,135,[np.float64(-0.26)],[np.float64(0.2588888888888889)],[1],[0],[0],[2.639049207995413],['target'],135,0,135,0,317.0991482079844,,5,317.09013337499346,317.0991482079844,317.0991482079844,0.011242749984376132,319.7292742499849,[np.float64(-0.26)],[np.float64(0.2588888888888889)],[1],[0],[0],[2.639049207995413],['target'],p4,001,2025-09-30_17h41.41.026,Experiment,,2025.1.1,119.75785011147751,2025-09-30 17h41.55.589986 +0530,
136,0,136,[np.float64(0.2833333333333333)],[np.float64(0.20444444444444446)],[1],[0],[0],[4.010301208007149],['target'],136,0,136,0,319.7567541669996,,5,319.7449622080021,319.7567541669996,319.7567541669996,0.015484000003198162,323.7553432919958,[np.float64(0.2833333333333333)],[np.float64(0.20444444444444446)],[1],[0],[0],[4.010301208007149],['target'],p4,001,2025-09-30_17h41.41.026,Experiment,,2025.1.1,119.75785011147751,2025-09-30 17h41.55.589986 +0530,
137,0,137,[np.float64(0.014444444444444444)],[np.float64(0.43666666666666665)],[1],[0],[0],[2.4234866670158226],['target'],137,0,137,0,323.7848337079922,,5,323.7726710419811,323.7848337079922,323.7848337079922,0.017131999979028478,326.19623795800726,[np.float64(0.014444444444444444)],[np.float64(0.43666666666666665)],[1],[0],[0],[2.4234866670158226],['target'],p4,001,2025-09-30_17h41.41.026,Experiment,,2025.1.1,119.75785011147751,2025-09-30 17h41.55.589986 +0530,
138,0,138,[np.float64(0.2822222222222222)],[np.float64(0.4588888888888889)],[1],[0],[0],[1.4170978749752976],[None],138,0,138,0,326.22427549998974,,5,326.21259254199686,326.22427549998974,326.22427549998974,0.0161541250126902,327.62975308299065,[np.float64(0.2822222222222222)],[np.float64(0.4588888888888889)],[1],[0],[0],[1.4170978749752976],[None],p4,001,2025-09-30_17h41.41.026,Experiment,,2025.1.1,119.75785011147751,2025-09-30 17h41.55.589986 +0530,
139,0,139,[np.float64(-0.24333333333333335)],[np.float64(-0.2111111111111111)],[1],[0],[0],[2.1522661659982987],[None],139,0,139,0,327.65685620799195,,5,327.6449651249859,327.65685620799195,327.65685620799195,0.015047291992232203,329.79732133299694,[np.float64(-0.24333333333333335)],[np.float64(-0.2111111111111111)],[1],[0],[0],[2.1522661659982987],[None],p4,001,2025-09-30_17h41.41.026,Experiment,,2025.1.1,119.75785011147751,2025-09-30 17h41.55.589986 +0530,
140,0,140,[np.float64(0.021111111111111112)],[np.float64(0.35555555555555557)],[1],[0],[0],[2.7495456660108175],['target'],140,0,140,0,329.8408029580023,,10,329.8266106249939,329.8408029580023,329.8408029580023,0.029085374990245327,332.576227499987,[np.float64(0.021111111111111112)],[np.float64(0.35555555555555557)],[1],[0],[0],[2.7495456660108175],['target'],p4,001,2025-09-30_17h41.41.026,Experiment,,2025.1.1,119.75785011147751,2025-09-30 17h41.55.589986 +0530,
141,0,141,[np.float64(-0.3488888888888889)],[np.float64(-0.28)],[1],[0],[0],[1.7319617500179447],['target'],141,0,141,0,332.60108883300563,,5,332.59010554198176,332.60108883300563,332.60108883300563,0.013675374997546896,334.32215787499445,[np.float64(-0.3488888888888889)],[np.float64(-0.28)],[1],[0],[0],[1.7319617500179447],['target'],p4,001,2025-09-30_17h41.41.026,Experiment,,2025.1.1,119.75785011147751,2025-09-30 17h41.55.589986 +0530,
142,0,142,[np.float64(0.022222222222222223)],[np.float64(0.2011111111111111)],[1],[0],[0],[2.5601807500061113],['target'],142,0,142,0,334.3665009579854,,10,334.35225666698534,334.3665009579854,334.3665009579854,0.029889124998589978,336.9124832919915,[np.float64(0.022222222222222223)],[np.float64(0.2011111111111111)],[1],[0],[0],[2.5601807500061113],['target'],p4,001,2025-09-30_17h41.41.026,Experiment,,2025.1.1,119.75785011147751,2025-09-30 17h41.55.589986 +0530,
143,0,143,[np.float64(-0.05333333333333334)],[np.float64(-0.11888888888888889)],[1],[0],[0],[1.6130645420053042],['target'],143,0,143,0,336.9442947919888,,10,336.9328345420072,336.9442947919888,336.9442947919888,0.02018729201517999,338.545956957998,[np.float64(-0.05333333333333334)],[np.float64(-0.11888888888888889)],[1],[0],[0],[1.6130645420053042],['target'],p4,001,2025-09-30_17h41.41.026,Experiment,,2025.1.1,119.75785011147751,2025-09-30 17h41.55.589986 +0530,
144,0,144,[np.float64(-0.22)],[np.float64(-0.13666666666666666)],[1],[0],[0],[2.41533495800104],['target'],144,0,144,0,338.5774889579916,,10,338.56629849999445,338.5774889579916,338.5774889579916,0.020182417007163167,340.98170566698536,[np.float64(-0.22)],[np.float64(-0.13666666666666666)],[1],[0],[0],[2.41533495800104],['target'],p4,001,2025-09-30_17h41.41.026,Experiment,,2025.1.1,119.75785011147751,2025-09-30 17h41.55.589986 +0530,
145,0,145,[np.float64(0.2777777777777778)],[np.float64(-0.26)],[1],[0],[0],[2.516939709021244],[None],145,0,145,0,341.00737629199284,,5,340.99631124999723,341.00737629199284,341.00737629199284,0.014405083988094702,343.5133383749926,[np.float64(0.2777777777777778)],[np.float64(-0.26)],[1],[0],[0],[2.516939709021244],[None],p4,001,2025-09-30_17h41.41.026,Experiment,,2025.1.1,119.75785011147751,2025-09-30 17h41.55.589986 +0530,
146,0,146,[np.float64(0.18)],[np.float64(0.011111111111111112)],[1],[0],[0],[1.574742457974935],['target'],146,0,146,0,343.54280354199,,5,343.53090812498704,343.54280354199,343.54280354199,0.01737604200025089,345.1057505829958,[np.float64(0.18)],[np.float64(0.011111111111111112)],[1],[0],[0],[1.574742457974935],['target'],p4,001,2025-09-30_17h41.41.026,Experiment,,2025.1.1,119.75785011147751,2025-09-30 17h41.55.589986 +0530,
147,0,147,[np.float64(-0.4177777777777778)],[np.float64(0.2)],[1],[0],[0],[2.356725458987057],['target'],147,0,147,0,345.13549995800713,,5,345.1236462079978,345.13549995800713,345.13549995800713,0.01764379200176336,347.4804530419933,[np.float64(-0.4177777777777778)],[np.float64(0.2)],[1],[0],[0],[2.356725458987057],['target'],p4,001,2025-09-30_17h41.41.026,Experiment,,2025.1.1,119.75785011147751,2025-09-30 17h41.55.589986 +0530,
148,0,148,[np.float64(-0.43444444444444447)],[np.float64(0.26222222222222225)],[1],[0],[0],[1.5546667089802213],['target'],148,0,148,0,347.52166100000613,,10,347.5075114579813,347.52166100000613,347.52166100000613,0.026851874979911372,349.0622363750008,[np.float64(-0.43444444444444447)],[np.float64(0.26222222222222225)],[1],[0],[0],[1.5546667089802213],['target'],p4,001,2025-09-30_17h41.41.026,Experiment,,2025.1.1,119.75785011147751,2025-09-30 17h41.55.589986 +0530,
149,0,149,[np.float64(0.2811111111111111)],[np.float64(0.2)],[1],[0],[0],[2.271888083021622],['target'],149,0,149,0,349.0854323329986,,5,349.07470541700604,349.0854323329986,349.0854323329986,0.012290417012991384,351.3466856669984,[np.float64(0.2811111111111111)],[np.float64(0.2)],[1],[0],[0],[2.271888083021622],['target'],p4,001,2025-09-30_17h41.41.026,Experiment,,2025.1.1,119.75785011147751,2025-09-30 17h41.55.589986 +0530,
150,0,150,[np.float64(-0.25333333333333335)],[np.float64(0.08777777777777777)],[1],[0],[0],[1.7720617910090368],['target'],150,0,150,0,351.38875883299625,,10,351.3748521670059,351.38875883299625,351.38875883299625,0.027960792009253055,353.1469714170089,[np.float64(-0.25333333333333335)],[np.float64(0.08777777777777777)],[1],[0],[0],[1.7720617910090368],['target'],p4,001,2025-09-30_17h41.41.026,Experiment,,2025.1.1,119.75785011147751,2025-09-30 17h41.55.589986 +0530,
151,0,151,[np.float64(-0.45111111111111113)],[np.float64(0.1)],[1],[0],[0],[1.353025999997044],['target'],151,0,151,0,353.17114879199653,,5,353.16000112498295,353.17114879199653,353.17114879199653,0.012855292006861418,354.5131007079908,[np.float64(-0.45111111111111113)],[np.float64(0.1)],[1],[0],[0],[1.353025999997044],['target'],p4,001,2025-09-30_17h41.41.026,Experiment,,2025.1.1,119.75785011147751,2025-09-30 17h41.55.589986 +0530,
152,0,152,[np.float64(-0.4866666666666667)],[np.float64(-0.09)],[1],[0],[0],[1.2033564579905942],['target'],152,0,152,0,354.5389207919943,,5,354.52761324998573,354.5389207919943,354.5389207919943,0.014350457990076393,355.7310685419943,[np.float64(-0.4866666666666667)],[np.float64(-0.09)],[1],[0],[0],[1.2033564579905942],['target'],p4,001,2025-09-30_17h41.41.026,Experiment,,2025.1.1,119.75785011147751,2025-09-30 17h41.55.589986 +0530,
153,0,153,[np.float64(-0.37666666666666665)],[np.float64(0.09)],[1],[0],[0],[1.4393238330085296],['target'],153,0,153,0,355.7722648330091,,10,355.7580033749982,355.7722648330091,355.7722648330091,0.026757624989841133,357.1973748749879,[np.float64(-0.37666666666666665)],[np.float64(0.09)],[1],[0],[0],[1.4393238330085296],['target'],p4,001,2025-09-30_17h41.41.026,Experiment,,2025.1.1,119.75785011147751,2025-09-30 17h41.55.589986 +0530,
154,0,154,[np.float64(-0.47)],[np.float64(-0.15)],[1],[0],[0],[1.3384247919893824],['target'],154,0,154,0,357.2193047500041,,5,357.2089697920019,357.2193047500041,357.2193047500041,0.011443875002441928,358.5474842499825,[np.float64(-0.47)],[np.float64(-0.15)],[1],[0],[0],[1.3384247919893824],['target'],p4,001,2025-09-30_17h41.41.026,Experiment,,2025.1.1,119.75785011147751,2025-09-30 17h41.55.589986 +0530,
155,0,155,[np.float64(0.23333333333333334)],[np.float64(-0.08)],[1],[0],[0],[1.9514806249935646],['target'],155,0,155,0,358.5736311250075,,5,358.5622552919958,358.5736311250075,358.5736311250075,0.014605957985622808,360.5138082919875,[np.float64(0.23333333333333334)],[np.float64(-0.08)],[1],[0],[0],[1.9514806249935646],['target'],p4,001,2025-09-30_17h41.41.026,Experiment,,2025.1.1,119.75785011147751,2025-09-30 17h41.55.589986 +0530,
156,0,156,[np.float64(0.41)],[np.float64(-0.45555555555555555)],[1],[0],[0],[1.6566284580039792],['target'],156,0,156,0,360.5545032079972,,10,360.5404104999907,360.5545032079972,360.5545032079972,0.026437000022269785,362.1971069579886,[np.float64(0.41)],[np.float64(-0.45555555555555555)],[1],[0],[0],[1.6566284580039792],['target'],p4,001,2025-09-30_17h41.41.026,Experiment,,2025.1.1,119.75785011147751,2025-09-30 17h41.55.589986 +0530,
157,0,157,[np.float64(0.32555555555555554)],[np.float64(-0.18444444444444444)],[1],[0],[0],[1.8770384170056786],[None],157,0,157,0,362.23475504200906,,10,362.2211384999973,362.23475504200906,362.23475504200906,0.023804750002454966,364.0982390419813,[np.float64(0.32555555555555554)],[np.float64(-0.18444444444444444)],[1],[0],[0],[1.8770384170056786],[None],p4,001,2025-09-30_17h41.41.026,Experiment,,2025.1.1,119.75785011147751,2025-09-30 17h41.55.589986 +0530,
158,0,158,[np.float64(-0.04666666666666667)],[np.float64(0.25)],[1],[0],[0],[1.5208209999836981],['target'],158,0,158,0,364.1218666670029,,5,364.1110132079921,364.1218666670029,364.1218666670029,0.012598667002748698,365.6319261250028,[np.float64(-0.04666666666666667)],[np.float64(0.25)],[1],[0],[0],[1.5208209999836981],['target'],p4,001,2025-09-30_17h41.41.026,Experiment,,2025.1.1,119.75785011147751,2025-09-30 17h41.55.589986 +0530,
159,0,159,[np.float64(0.37)],[np.float64(0.4855555555555556)],[0],[0],[0],[1.3755017500079703],[None],159,0,159,0,365.6601956670056,,5,365.6482711249846,365.6601956670056,365.6601956670056,0.01614166601211764,367.02387191698654,[np.float64(0.37)],[np.float64(0.4855555555555556)],[0],[0],[0],[1.3755017500079703],[None],p4,001,2025-09-30_17h41.41.026,Experiment,,2025.1.1,119.75785011147751,2025-09-30 17h41.55.589986 +0530,
160,0,160,[np.float64(-0.33555555555555555)],[np.float64(-0.4888888888888889)],[1],[0],[0],[2.1417540420079604],['target'],160,0,160,0,367.0501389580022,,5,367.0391679999884,367.0501389580022,367.0501389580022,0.015090500004589558,369.1809896249906,[np.float64(-0.33555555555555555)],[np.float64(-0.4888888888888889)],[1],[0],[0],[2.1417540420079604],['target'],p4,001,2025-09-30_17h41.41.026,Experiment,,2025.1.1,119.75785011147751,2025-09-30 17h41.55.589986 +0530,
161,0,161,[np.float64(-0.4677777777777778)],[np.float64(-0.48777777777777775)],[1],[0],[0],[1.6147616250091232],[None],161,0,161,0,369.3253402079863,,10,369.31524599998374,369.3253402079863,369.3253402079863,0.13407858298160136,370.93009049998363,[np.float64(-0.4677777777777778)],[np.float64(-0.48777777777777775)],[1],[0],[0],[1.6147616250091232],[None],p4,001,2025-09-30_17h41.41.026,Experiment,,2025.1.1,119.75785011147751,2025-09-30 17h41.55.589986 +0530,
162,0,162,[np.float64(0.11444444444444445)],[np.float64(-0.30444444444444446)],[1],[0],[0],[2.3559621250024065],[None],162,0,162,0,370.95230170799186,,5,370.9417148329958,370.95230170799186,370.95230170799186,0.011446749995229766,373.29775204198086,[np.float64(0.11444444444444445)],[np.float64(-0.30444444444444446)],[1],[0],[0],[2.3559621250024065],[None],p4,001,2025-09-30_17h41.41.026,Experiment,,2025.1.1,119.75785011147751,2025-09-30 17h41.55.589986 +0530,
163,0,163,[np.float64(0.35777777777777775)],[np.float64(-0.19555555555555557)],[1],[0],[0],[1.6818435830064118],['target'],163,0,163,0,373.33842379198177,,10,373.32439133300795,373.33842379198177,373.33842379198177,0.026471124991076067,375.00631495800917,[np.float64(0.35777777777777775)],[np.float64(-0.19555555555555557)],[1],[0],[0],[1.6818435830064118],['target'],p4,001,2025-09-30_17h41.41.026,Experiment,,2025.1.1,119.75785011147751,2025-09-30 17h41.55.589986 +0530,
164,0,164,[np.float64(0.23333333333333334)],[np.float64(-0.03666666666666667)],[1],[0],[0],[2.2415695829840843],['target'],164,0,164,0,375.0338682080037,,5,375.0221061669872,375.0338682080037,375.0338682080037,0.015551499993307516,377.26374508300796,[np.float64(0.23333333333333334)],[np.float64(-0.03666666666666667)],[1],[0],[0],[2.2415695829840843],['target'],p4,001,2025-09-30_17h41.41.026,Experiment,,2025.1.1,119.75785011147751,2025-09-30 17h41.55.589986 +0530,
165,0,165,[np.float64(-0.09666666666666666)],[np.float64(-0.20222222222222222)],[1],[0],[0],[1.5519164169963915],['target'],165,0,165,0,377.290317624982,,5,377.2790447919979,377.290317624982,377.290317624982,0.015136874979361892,378.831040457997,[np.float64(-0.09666666666666666)],[np.float64(-0.20222222222222222)],[1],[0],[0],[1.5519164169963915],['target'],p4,001,2025-09-30_17h41.41.026,Experiment,,2025.1.1,119.75785011147751,2025-09-30 17h41.55.589986 +0530,
166,0,166,[np.float64(-0.09666666666666666)],[np.float64(-0.39444444444444443)],[1],[0],[0],[2.0344797910074703],['target'],166,0,166,0,378.8724077079969,,10,378.8583350830013,378.8724077079969,378.8724077079969,0.027087583002867177,380.89288199998555,[np.float64(-0.09666666666666666)],[np.float64(-0.39444444444444443)],[1],[0],[0],[2.0344797910074703],['target'],p4,001,2025-09-30_17h41.41.026,Experiment,,2025.1.1,119.75785011147751,2025-09-30 17h41.55.589986 +0530,
167,0,167,[np.float64(0.14777777777777779)],[np.float64(-0.2611111111111111)],[0],[0],[0],[1.5388687920058146],['target'],167,0,167,0,380.93277016698266,,10,380.9188068329822,380.93277016698266,380.93277016698266,0.02571120799984783,382.4577444579918,[np.float64(0.14777777777777779)],[np.float64(-0.2611111111111111)],[0],[0],[0],[1.5388687920058146],['target'],p4,001,2025-09-30_17h41.41.026,Experiment,,2025.1.1,119.75785011147751,2025-09-30 17h41.55.589986 +0530,
168,0,168,[np.float64(0.2477777777777778)],[np.float64(0.25222222222222224)],[1],[0],[0],[1.9641776659991592],['target'],168,0,168,0,382.49653375000344,,10,382.48301333299605,382.49653375000344,382.49653375000344,0.025059042003704235,384.4472479579854,[np.float64(0.2477777777777778)],[np.float64(0.25222222222222224)],[1],[0],[0],[1.9641776659991592],['target'],p4,001,2025-09-30_17h41.41.026,Experiment,,2025.1.1,119.75785011147751,2025-09-30 17h41.55.589986 +0530,
169,0,169,[np.float64(-0.28)],[np.float64(0.044444444444444446)],[1],[0],[0],[1.6060926250065677],['target'],169,0,169,0,384.4688352920057,,5,384.4586039579881,384.4688352920057,384.4688352920057,0.011202541994862258,386.06477491700207,[np.float64(-0.28)],[np.float64(0.044444444444444446)],[1],[0],[0],[1.6060926250065677],['target'],p4,001,2025-09-30_17h41.41.026,Experiment,,2025.1.1,119.75785011147751,2025-09-30 17h41.55.589986 +0530,
170,0,170,[np.float64(0.09666666666666666)],[np.float64(-0.19444444444444445)],[1],[0],[0],[2.468118582997704],['target'],170,0,170,0,386.09182262499235,,5,386.08001029200386,386.09182262499235,386.09182262499235,0.015068457985762507,388.5481982080091,[np.float64(0.09666666666666666)],[np.float64(-0.19444444444444445)],[1],[0],[0],[2.468118582997704],['target'],p4,001,2025-09-30_17h41.41.026,Experiment,,2025.1.1,119.75785011147751,2025-09-30 17h41.55.589986 +0530,
171,0,171,[np.float64(-0.1388888888888889)],[np.float64(-0.0811111111111111)],[1],[0],[0],[2.225437790999422],['target'],171,0,171,0,388.5877331669908,,10,388.5738001249847,388.5877331669908,388.5877331669908,0.025435207993723452,390.7993224170059,[np.float64(-0.1388888888888889)],[np.float64(-0.0811111111111111)],[1],[0],[0],[2.225437790999422],['target'],p4,001,2025-09-30_17h41.41.026,Experiment,,2025.1.1,119.75785011147751,2025-09-30 17h41.55.589986 +0530,
172,0,172,[np.float64(0.4822222222222222)],[np.float64(-0.15333333333333332)],[1],[0],[0],[2.334082625020528],[None],172,0,172,0,390.82575691700913,,5,390.8141189169837,390.82575691700913,390.82575691700913,0.01459250002517365,393.1482757499907,[np.float64(0.4822222222222222)],[np.float64(-0.15333333333333332)],[1],[0],[0],[2.334082625020528],[None],p4,001,2025-09-30_17h41.41.026,Experiment,,2025.1.1,119.75785011147751,2025-09-30 17h41.55.589986 +0530,
173,0,173,[np.float64(-0.23444444444444446)],[np.float64(-0.27555555555555555)],[1],[0],[0],[3.436598291998962],['target'],173,0,173,0,393.1748871669988,,5,393.1634701669973,393.1748871669988,393.1748871669988,0.015034792013466358,396.600156667002,[np.float64(-0.23444444444444446)],[np.float64(-0.27555555555555555)],[1],[0],[0],[3.436598291998962],['target'],p4,001,2025-09-30_17h41.41.026,Experiment,,2025.1.1,119.75785011147751,2025-09-30 17h41.55.589986 +0530,
174,0,174,[np.float64(0.29444444444444445)],[np.float64(-0.2733333333333333)],[1],[0],[0],[1.7178177909809165],['target'],174,0,174,0,396.64399087498896,,10,396.6295712919964,396.64399087498896,396.64399087498896,0.029208958003437147,398.34744595800294,[np.float64(0.29444444444444445)],[np.float64(-0.2733333333333333)],[1],[0],[0],[1.7178177909809165],['target'],p4,001,2025-09-30_17h41.41.026,Experiment,,2025.1.1,119.75785011147751,2025-09-30 17h41.55.589986 +0530,
175,0,175,[np.float64(-0.36)],[np.float64(0.4888888888888889)],[1],[0],[0],[3.409869124996476],['target'],175,0,175,0,398.370321082999,,5,398.35961791698355,398.370321082999,398.370321082999,0.011996916990028694,401.7696059579903,[np.float64(-0.36)],[np.float64(0.4888888888888889)],[1],[0],[0],[3.409869124996476],['target'],p4,001,2025-09-30_17h41.41.026,Experiment,,2025.1.1,119.75785011147751,2025-09-30 17h41.55.589986 +0530,
176,0,176,[np.float64(0.4533333333333333)],[np.float64(0.20555555555555555)],[1],[0],[0],[3.0771725000231527],['target'],176,0,176,0,401.810496332997,,10,401.7963284580037,401.810496332997,401.810496332997,0.02651120797963813,404.87358074999065,[np.float64(0.4533333333333333)],[np.float64(0.20555555555555555)],[1],[0],[0],[3.0771725000231527],['target'],p4,001,2025-09-30_17h41.41.026,Experiment,,2025.1.1,119.75785011147751,2025-09-30 17h41.55.589986 +0530,
177,0,177,[np.float64(-0.3244444444444444)],[np.float64(0.32666666666666666)],[0],[0],[0],[1.8675934170023538],['target'],177,0,177,0,404.90249137498904,,5,404.8904631669866,404.90249137498904,404.90249137498904,0.01663937501143664,406.7581754169951,[np.float64(-0.3244444444444444)],[np.float64(0.32666666666666666)],[0],[0],[0],[1.8675934170023538],['target'],p4,001,2025-09-30_17h41.41.026,Experiment,,2025.1.1,119.75785011147751,2025-09-30 17h41.55.589986 +0530,
178,0,178,[np.float64(-0.29333333333333333)],[np.float64(0.15777777777777777)],[1],[0],[0],[2.3373005840112455],['target'],178,0,178,0,406.8030548329989,,10,406.7891148329945,406.8030548329989,406.8030548329989,0.030672708002384752,409.12647079199087,[np.float64(-0.29333333333333333)],[np.float64(0.15777777777777777)],[1],[0],[0],[2.3373005840112455],['target'],p4,001,2025-09-30_17h41.41.026,Experiment,,2025.1.1,119.75785011147751,2025-09-30 17h41.55.589986 +0530,
179,0,179,[np.float64(-0.11777777777777777)],[np.float64(-0.3055555555555556)],[1],[0],[0],[1.782281833991874],['target'],179,0,179,0,409.1604549580079,,10,409.1482541250007,409.1604549580079,409.1604549580079,0.021608209004625678,410.93058587500127,[np.float64(-0.11777777777777777)],[np.float64(-0.3055555555555556)],[1],[0],[0],[1.782281833991874],['target'],p4,001,2025-09-30_17h41.41.026,Experiment,,2025.1.1,119.75785011147751,2025-09-30 17h41.55.589986 +0530,
180,0,180,[np.float64(-0.23666666666666666)],[np.float64(-0.09777777777777778)],[1],[0],[0],[1.3897260000230744],['target'],180,0,180,0,410.9522828749905,,5,410.942070124991,410.9522828749905,410.9522828749905,0.011327457992592826,412.331890292,[np.float64(-0.23666666666666666)],[np.float64(-0.09777777777777778)],[1],[0],[0],[1.3897260000230744],['target'],p4,001,2025-09-30_17h41.41.026,Experiment,,2025.1.1,119.75785011147751,2025-09-30 17h41.55.589986 +0530,
181,0,181,[np.float64(-0.06)],[np.float64(0.23444444444444446)],[1],[0],[0],[1.7050261250115],['target'],181,0,181,0,412.3731791249884,,10,412.3592691250087,412.3731791249884,412.3731791249884,0.02715958299813792,414.0643444999878,[np.float64(-0.06)],[np.float64(0.23444444444444446)],[1],[0],[0],[1.7050261250115],['target'],p4,001,2025-09-30_17h41.41.026,Experiment,,2025.1.1,119.75785011147751,2025-09-30 17h41.55.589986 +0530,
182,0,182,[np.float64(0.38333333333333336)],[np.float64(0.2477777777777778)],[1],[0],[0],[1.1982170830015093],[None],182,0,182,0,414.0950690000027,,10,414.08393875000183,414.0950690000027,414.0950690000027,0.019436792004853487,415.28221266699256,[np.float64(0.38333333333333336)],[np.float64(0.2477777777777778)],[1],[0],[0],[1.1982170830015093],[None],p4,001,2025-09-30_17h41.41.026,Experiment,,2025.1.1,119.75785011147751,2025-09-30 17h41.55.589986 +0530,
183,0,183,[np.float64(0.4255555555555556)],[np.float64(0.43)],[1],[0],[0],[3.3301309999951627],['target'],183,0,183,0,415.31430379199446,,10,415.30288850000943,415.31430379199446,415.31430379199446,0.020521124999504536,418.6331061249948,[np.float64(0.4255555555555556)],[np.float64(0.43)],[1],[0],[0],[3.3301309999951627],['target'],p4,001,2025-09-30_17h41.41.026,Experiment,,2025.1.1,119.75785011147751,2025-09-30 17h41.55.589986 +0530,
184,0,184,[np.float64(0.22333333333333333)],[np.float64(-0.45444444444444443)],[1],[0],[0],[3.2015847919974476],['target'],184,0,184,0,418.65750000000116,,5,418.64670383298653,418.65750000000116,418.65750000000116,0.013347082975087687,421.8483849579934,[np.float64(0.22333333333333333)],[np.float64(-0.45444444444444443)],[1],[0],[0],[3.2015847919974476],['target'],p4,001,2025-09-30_17h41.41.026,Experiment,,2025.1.1,119.75785011147751,2025-09-30 17h41.55.589986 +0530,
185,0,185,[np.float64(-0.33666666666666667)],[np.float64(-0.1988888888888889)],[1],[0],[0],[2.17708829199546],['target'],185,0,185,0,421.8754007499956,,5,421.8637438750011,421.8754007499956,421.8754007499956,0.015149957995163277,424.04090954200365,[np.float64(-0.33666666666666667)],[np.float64(-0.1988888888888889)],[1],[0],[0],[2.17708829199546],['target'],p4,001,2025-09-30_17h41.41.026,Experiment,,2025.1.1,119.75785011147751,2025-09-30 17h41.55.589986 +0530,
186,0,186,[np.float64(0.014444444444444444)],[np.float64(-0.42333333333333334)],[1],[0],[0],[2.425064917013515],['target'],186,0,186,0,424.0714427919884,,5,424.05928120799945,424.0714427919884,424.0714427919884,0.01817304198630154,426.48442175000673,[np.float64(0.014444444444444444)],[np.float64(-0.42333333333333334)],[1],[0],[0],[2.425064917013515],['target'],p4,001,2025-09-30_17h41.41.026,Experiment,,2025.1.1,119.75785011147751,2025-09-30 17h41.55.589986 +0530,
187,0,187,[np.float64(0.48)],[np.float64(0.45444444444444443)],[1],[0],[0],[2.851759957993636],['target'],187,0,187,0,426.5293873329938,,10,426.5149062499986,426.5293873329938,426.5293873329938,0.030285749991890043,429.3667350419855,[np.float64(0.48)],[np.float64(0.45444444444444443)],[1],[0],[0],[2.851759957993636],['target'],p4,001,2025-09-30_17h41.41.026,Experiment,,2025.1.1,119.75785011147751,2025-09-30 17h41.55.589986 +0530,
188,0,188,[np.float64(0.32555555555555554)],[np.float64(-0.2088888888888889)],[1],[0],[0],[5.399703083996428],['target'],188,0,188,0,429.3936056669918,,5,429.3816536249942,429.3936056669918,429.3936056669918,0.01472141599515453,434.781429249997,[np.float64(0.32555555555555554)],[np.float64(-0.2088888888888889)],[1],[0],[0],[5.399703083996428],['target'],p4,001,2025-09-30_17h41.41.026,Experiment,,2025.1.1,119.75785011147751,2025-09-30 17h41.55.589986 +0530,
189,0,189,[np.float64(-0.3488888888888889)],[np.float64(-0.29333333333333333)],[1],[0],[0],[2.9261000829865225],['target'],189,0,189,0,434.82166212500306,,10,434.8072195419809,434.82166212500306,434.82166212500306,0.025622499990276992,437.7333896670025,[np.float64(-0.3488888888888889)],[np.float64(-0.29333333333333333)],[1],[0],[0],[2.9261000829865225],['target'],p4,001,2025-09-30_17h41.41.026,Experiment,,2025.1.1,119.75785011147751,2025-09-30 17h41.55.589986 +0530,
190,0,190,[np.float64(0.4533333333333333)],[np.float64(0.4822222222222222)],[1],[0],[0],[3.9221925829770043],['target'],190,0,190,0,437.7587444999954,,5,437.7479452499829,437.7587444999954,437.7587444999954,0.014356958999997005,441.670222249988,[np.float64(0.4533333333333333)],[np.float64(0.4822222222222222)],[1],[0],[0],[3.9221925829770043],['target'],p4,001,2025-09-30_17h41.41.026,Experiment,,2025.1.1,119.75785011147751,2025-09-30 17h41.55.589986 +0530,
191,0,191,[np.float64(-0.4255555555555556)],[np.float64(0.44666666666666666)],[1],[0],[0],[4.947530125005869],['target'],191,0,191,0,441.6965185419831,,5,441.6849037499924,441.6965185419831,441.6965185419831,0.014519207994453609,446.6325207919872,[np.float64(-0.4255555555555556)],[np.float64(0.44666666666666666)],[1],[0],[0],[4.947530125005869],['target'],p4,001,2025-09-30_17h41.41.026,Experiment,,2025.1.1,119.75785011147751,2025-09-30 17h41.55.589986 +0530,
192,0,192,[np.float64(-0.4255555555555556)],[np.float64(0.44666666666666666)],[1],[0],[0],[0.2878996250219643],[None],192,0,192,0,446.67464783298783,,10,446.66000745800557,446.67464783298783,446.67464783298783,0.027279124973574653,446.94795254198834,[np.float64(-0.4255555555555556)],[np.float64(0.44666666666666666)],[1],[0],[0],[0.2878996250219643],[None],p4,001,2025-09-30_17h41.41.026,Experiment,,2025.1.1,119.75785011147751,2025-09-30 17h41.55.589986 +0530,
193,0,193,[np.float64(0.017777777777777778)],[np.float64(0.22555555555555556)],[1],[0],[0],[1.8579877500014845],[None],193,0,193,0,446.9695783329953,,5,446.95974558300804,446.9695783329953,446.9695783329953,0.01163870797608979,448.81782616698183,[np.float64(0.017777777777777778)],[np.float64(0.22555555555555556)],[1],[0],[0],[1.8579877500014845],[None],p4,001,2025-09-30_17h41.41.026,Experiment,,2025.1.1,119.75785011147751,2025-09-30 17h41.55.589986 +0530,
194,0,194,[np.float64(0.45444444444444443)],[np.float64(-0.15)],[0],[0],[0],[1.6239752910041716],[None],194,0,194,0,448.84818304199143,,5,448.8356054580072,448.84818304199143,448.84818304199143,0.01757954098866321,450.45966187500744,[np.float64(0.45444444444444443)],[np.float64(-0.15)],[0],[0],[0],[1.6239752910041716],[None],p4,001,2025-09-30_17h41.41.026,Experiment,,2025.1.1,119.75785011147751,2025-09-30 17h41.55.589986 +0530,
195,0,195,[np.float64(-0.26222222222222225)],[np.float64(-0.40555555555555556)],[1],[0],[0],[3.676234165992355],['target'],195,0,195,0,450.48699841700727,,5,450.47621891699964,450.48699841700727,450.48699841700727,0.016345082985935733,454.1525408329908,[np.float64(-0.26222222222222225)],[np.float64(-0.40555555555555556)],[1],[0],[0],[3.676234165992355],['target'],p4,001,2025-09-30_17h41.41.026,Experiment,,2025.1.1,119.75785011147751,2025-09-30 17h41.55.589986 +0530,
196,0,196,[np.float64(0.27444444444444444)],[np.float64(-0.2877777777777778)],[1],[0],[0],[1.9618196249939501],[None],196,0,196,0,454.1822653749841,,5,454.1702290829853,454.1822653749841,454.1822653749841,0.01747237498057075,456.13213129198994,[np.float64(0.27444444444444444)],[np.float64(-0.2877777777777778)],[1],[0],[0],[1.9618196249939501],[None],p4,001,2025-09-30_17h41.41.026,Experiment,,2025.1.1,119.75785011147751,2025-09-30 17h41.55.589986 +0530,
197,0,197,[np.float64(-0.41444444444444445)],[np.float64(-0.16555555555555557)],[1],[0],[0],[2.2069047919940203],['target'],197,0,197,0,456.1733427080035,,10,456.1591981250094,456.1733427080035,456.1733427080035,0.02688583399867639,458.3661699999939,[np.float64(-0.41444444444444445)],[np.float64(-0.16555555555555557)],[1],[0],[0],[2.2069047919940203],['target'],p4,001,2025-09-30_17h41.41.026,Experiment,,2025.1.1,119.75785011147751,2025-09-30 17h41.55.589986 +0530,
198,0,198,[np.float64(0.11777777777777777)],[np.float64(0.06111111111111111)],[1],[0],[0],[3.7522557079792023],['target'],198,0,198,0,458.39169212500565,,5,458.3803831249825,458.39169212500565,458.39169212500565,0.01401079198694788,462.1327443330083,[np.float64(0.11777777777777777)],[np.float64(0.06111111111111111)],[1],[0],[0],[3.7522557079792023],['target'],p4,001,2025-09-30_17h41.41.026,Experiment,,2025.1.1,119.75785011147751,2025-09-30 17h41.55.589986 +0530,
199,0,199,[np.float64(-0.07111111111111111)],[np.float64(-0.057777777777777775)],[1],[0],[0],[2.236348500009626],['target'],199,0,199,0,462.16040887500276,,5,462.14880108300713,462.16040887500276,462.16040887500276,0.015880457998719066,464.38522791699506,[np.float64(-0.07111111111111111)],[np.float64(-0.057777777777777775)],[1],[0],[0],[2.236348500009626],['target'],p4,001,2025-09-30_17h41.41.026,Experiment,,2025.1.1,119.75785011147751,2025-09-30 17h41.55.589986 +0530,
