prime_type,prime,target_full,target_fragment,SOA,correct_response,delay,thisN,thisTrialN,thisRepN,mouse.x,mouse.y,mouse.leftButton,mouse.midButton,mouse.rightButton,mouse.time,mouse.clicked_name,textbox.text,trials.thisRepN,trials.thisTrialN,trials.thisN,trials.thisIndex,thisRow.t,notes,trial.started,polygon.started,mouse.started,prime_text.started,submit_text.started,textbox.started,polygon.stopped,fragment_text.started,trial.stopped,trials.mouse.x,trials.mouse.y,trials.mouse.leftButton,trials.mouse.midButton,trials.mouse.rightButton,trials.mouse.time,trials.mouse.clicked_name,trials.textbox.text,participant,session,date,expName,expVersion,psychopyVersion,frameRate,expStart,
related ,pencil,eraser,e_a_e_,0.4,eraser,0.9,0,0,0,[np.float64(-0.052222222222222225)],[np.float64(-0.4022222222222222)],[1],[0],[0],[8.507398082874715],['submit_text'],eraser,0,0,0,15,0.06330729206092656,,0.05109933391213417,0.06330729206092656,0.051102583995088935,0.5084468750283122,0.5084468750283122,0.5084468750283122,0.5776503749657422,0.9056062500458211,8.558693292085081,[np.float64(-0.052222222222222225)],[np.float64(-0.4022222222222222)],[1],[0],[0],[8.507398082874715],['submit_text'],eraser,P4,001,2025-11-14_16h47.39.541,untitled,,2025.1.1,120.99140373053115,2025-11-14 16h48.23.399584 +0530,
related ,key,lock ,l__k,0.1,lock,0.6,1,1,0,[np.float64(-0.052222222222222225)],[np.float64(-0.4022222222222222)],[0],[0],[0],[3.7334642079658806],['submit_text'],lock,0,1,1,20,8.568874709075317,,8.56319733406417,8.568874709075317,0.004371833987534046,9.060733041958883,9.060733041958883,9.060733041958883,9.072501209098846,9.171622999943793,12.296872833976522,[np.float64(-0.052222222222222225)],[np.float64(-0.4022222222222222)],[0],[0],[0],[3.7334642079658806],['submit_text'],lock,P4,001,2025-11-14_16h47.39.541,untitled,,2025.1.1,120.99140373053115,2025-11-14 16h48.23.399584 +0530,
unrelated ,curtain,wizard,w__a_d,0.4,wizard,0.9,2,2,0,[np.float64(-0.13111111111111112)],[np.float64(-0.40444444444444444)],[1],[0],[0],[157.66876220796257],['submit_text'],workload,0,2,2,96,12.310327334096655,,12.304589791921899,12.310327334096655,0.0075645409524440765,12.800934792030603,12.800934792030603,12.800934792030603,12.813342459034175,13.210466125048697,169.97359412512742,[np.float64(-0.13111111111111112)],[np.float64(-0.40444444444444444)],[1],[0],[0],[157.66876220796257],['submit_text'],workload,P4,001,2025-11-14_16h47.39.541,untitled,,2025.1.1,120.99140373053115,2025-11-14 16h48.23.399584 +0530,
unrelated ,carpet,lightning,l_g_t_n_,0.4,lightning,0.9,3,3,0,[np.float64(-0.13111111111111112)],[np.float64(-0.40444444444444444)],[1],[0],[0],[28.262366583105177],['submit_text'],lightens,0,3,3,104,169.98470637504943,,169.97961795912124,169.98470637504943,0.005758000072091818,170.47870795894414,170.47870795894414,170.47870795894414,170.49079304211773,170.86629729205742,198.24229066702537,[np.float64(-0.13111111111111112)],[np.float64(-0.40444444444444444)],[1],[0],[0],[28.262366583105177],['submit_text'],lightens,P4,001,2025-11-14_16h47.39.541,untitled,,2025.1.1,120.99140373053115,2025-11-14 16h48.23.399584 +0530,
unrelated ,toothpaste,mug,m_g,0.1,mug,0.6,4,4,0,[np.float64(-0.13111111111111112)],[np.float64(-0.40444444444444444)],[1],[0],[0],[4.193735041888431],['submit_text'],mug,0,4,4,83,198.25209970911965,,198.24611970898695,198.25209970911965,0.0036957080010324717,198.74804695905186,198.74804695905186,198.74804695905186,198.76030591712333,198.8372515840456,202.4400603340473,[np.float64(-0.13111111111111112)],[np.float64(-0.40444444444444444)],[1],[0],[0],[4.193735041888431],['submit_text'],mug,P4,001,2025-11-14_16h47.39.541,untitled,,2025.1.1,120.99140373053115,2025-11-14 16h48.23.399584 +0530,
related ,snow,winter,w_n__r,0.1,winter,0.6,5,5,0,[np.float64(-0.13111111111111112)],[np.float64(-0.40444444444444444)],[1],[0],[0],[3.750357541954145],['submit_text'],winter,0,5,5,10,202.4489007089287,,202.4433784589637,202.4489007089287,0.0031978751067072153,202.94713150011376,202.94713150011376,202.94713150011376,202.94713150011376,203.03481254191138,206.19402145897038,[np.float64(-0.13111111111111112)],[np.float64(-0.40444444444444444)],[1],[0],[0],[3.750357541954145],['submit_text'],winter,P4,001,2025-11-14_16h47.39.541,untitled,,2025.1.1,120.99140373053115,2025-11-14 16h48.23.399584 +0530,
unrelated ,months,high,h_g_,0.4,high,0.9,6,6,0,[np.float64(-0.13111111111111112)],[np.float64(-0.4033333333333333)],[1],[0],[0],[6.459008042002097],['submit_text'],hugs,0,6,6,106,206.2036200419534,,206.198339875089,206.2036200419534,0.004200541181489825,206.6963202089537,206.6963202089537,206.6963202089537,206.70805291691795,207.11562658404,212.6576280419249,[np.float64(-0.13111111111111112)],[np.float64(-0.4033333333333333)],[1],[0],[0],[6.459008042002097],['submit_text'],hugs,P4,001,2025-11-14_16h47.39.541,untitled,,2025.1.1,120.99140373053115,2025-11-14 16h48.23.399584 +0530,
related ,king,queen,q___n,0.1,queen,0.6,7,7,0,[np.float64(-0.13111111111111112)],[np.float64(-0.4033333333333333)],[1],[0],[0],[3.025217000162229],['submit_text'],queen,0,7,7,38,212.66833979194053,,212.66232254193164,212.66833979194053,0.004574292106553912,213.18258616700768,213.18258616700768,213.18258616700768,213.1957903339062,213.25252012512647,215.68783958395943,[np.float64(-0.13111111111111112)],[np.float64(-0.4033333333333333)],[1],[0],[0],[3.025217000162229],['submit_text'],queen,P4,001,2025-11-14_16h47.39.541,untitled,,2025.1.1,120.99140373053115,2025-11-14 16h48.23.399584 +0530,
unrelated ,window,binary,bi_a_y,0.4,binary,0.9,8,8,0,[np.float64(-0.12555555555555556)],[np.float64(-0.40444444444444444)],[1],[0],[0],[32.62999383290298],['submit_text'],binary,0,8,8,94,215.71604458405636,,215.69435679190792,215.71604458405636,0.006376290926709771,216.18813133402728,216.18813133402728,216.18813133402728,216.21516020898707,216.59927108394913,248.3246670421213,[np.float64(-0.12555555555555556)],[np.float64(-0.40444444444444444)],[1],[0],[0],[32.62999383290298],['submit_text'],binary,P4,001,2025-11-14_16h47.39.541,untitled,,2025.1.1,120.99140373053115,2025-11-14 16h48.23.399584 +0530,
related ,shopping,shop,s__p,0.1,shop,0.6,9,9,0,[np.float64(-0.12555555555555556)],[np.float64(-0.40444444444444444)],[1],[0],[0],[4.690631124889478],['submit_text'],soap,0,9,9,32,248.33358737500384,,248.3280311669223,248.33358737500384,0.00325204199180007,248.83272704202682,248.83272704202682,248.83272704202682,248.83272704202682,248.92153720906936,253.0189635839779,[np.float64(-0.12555555555555556)],[np.float64(-0.40444444444444444)],[1],[0],[0],[4.690631124889478],['submit_text'],soap,P4,001,2025-11-14_16h47.39.541,untitled,,2025.1.1,120.99140373053115,2025-11-14 16h48.23.399584 +0530,
unrelated ,pot,headphone,h_a_p_o_e,0.4,headphone,0.9,10,10,0,[np.float64(-0.11666666666666667)],[np.float64(-0.4011111111111111)],[0],[0],[0],[123.131714459043],['submit_text'],happyore,0,10,10,108,253.0294448749628,,253.02390562510118,253.0294448749628,0.004796958994120359,253.5220616250299,253.5220616250299,253.5220616250299,253.54965974995866,253.91522029205225,376.15598679194227,[np.float64(-0.11666666666666667)],[np.float64(-0.4011111111111111)],[0],[0],[0],[123.131714459043],['submit_text'],happyore,P4,001,2025-11-14_16h47.39.541,untitled,,2025.1.1,120.99140373053115,2025-11-14 16h48.23.399584 +0530,
unrelated ,eye,economics,ec__o_i_s,0.1,economics,0.6,11,11,0,[np.float64(-0.10777777777777778)],[np.float64(-0.4077777777777778)],[1],[0],[0],[14.097738250158727],['submit_text'],economics,0,11,11,95,376.1686164170969,,376.1626133751124,376.1686164170969,0.0061738749500364065,376.65923466696404,376.65923466696404,376.65923466696404,376.67151370900683,376.7633073339239,390.2607479169965,[np.float64(-0.10777777777777778)],[np.float64(-0.4077777777777778)],[1],[0],[0],[14.097738250158727],['submit_text'],economics,P4,001,2025-11-14_16h47.39.541,untitled,,2025.1.1,120.99140373053115,2025-11-14 16h48.23.399584 +0530,
unrelated ,fan,maize,m_i_e,0.4,maize,0.9,12,12,0,[np.float64(-0.10777777777777778)],[np.float64(-0.4077777777777778)],[1],[0],[0],[184.41325558302924],['submit_text'],mile,0,12,12,100,390.27226295904256,,390.265704334015,390.27226295904256,0.004813832929357886,390.7694637500681,390.7694637500681,390.7694637500681,390.781838624971,391.15537491696887,574.6793160000816,[np.float64(-0.10777777777777778)],[np.float64(-0.4077777777777778)],[1],[0],[0],[184.41325558302924],['submit_text'],mile,P4,001,2025-11-14_16h47.39.541,untitled,,2025.1.1,120.99140373053115,2025-11-14 16h48.23.399584 +0530,
unrelated ,spaceship,game,g_m_,0.1,game,0.6,13,13,0,[np.float64(-0.10777777777777778)],[np.float64(-0.4077777777777778)],[1],[0],[0],[4.793476500082761],['submit_text'],gums,0,13,13,99,574.6901762920897,,574.6842834590934,574.6901762920897,0.004732833011075854,575.1784079999197,575.1784079999197,575.1784079999197,575.1908539999276,575.2762265000492,579.4781330840196,[np.float64(-0.10777777777777778)],[np.float64(-0.4077777777777778)],[1],[0],[0],[4.793476500082761],['submit_text'],gums,P4,001,2025-11-14_16h47.39.541,untitled,,2025.1.1,120.99140373053115,2025-11-14 16h48.23.399584 +0530,
unrelated ,river,call,c__l,0.4,call,0.9,14,14,0,[np.float64(-0.10777777777777778)],[np.float64(-0.4077777777777778)],[1],[0],[0],[3.9144579169806093],['submit_text'],cool,0,14,14,66,579.4898245420773,,579.4837635001168,579.4898245420773,0.005512750009074807,579.9913337090984,579.9913337090984,579.9913337090984,579.9913337090984,580.3768382500857,583.3985766670667,[np.float64(-0.10777777777777778)],[np.float64(-0.4077777777777778)],[1],[0],[0],[3.9144579169806093],['submit_text'],cool,P4,001,2025-11-14_16h47.39.541,untitled,,2025.1.1,120.99140373053115,2025-11-14 16h48.23.399584 +0530,
unrelated ,year,milk,m__k,0.1,milk,0.6,15,15,0,[np.float64(-0.10777777777777778)],[np.float64(-0.4077777777777778)],[1],[0],[0],[5.563964625122026],['submit_text'],mask,0,15,15,105,583.4070390420966,,583.4015638339333,583.4070390420966,0.002871749922633171,583.9068397919182,583.9068397919182,583.9068397919182,583.9068397919182,583.9935826249421,588.9658981249668,[np.float64(-0.10777777777777778)],[np.float64(-0.4077777777777778)],[1],[0],[0],[5.563964625122026],['submit_text'],mask,P4,001,2025-11-14_16h47.39.541,untitled,,2025.1.1,120.99140373053115,2025-11-14 16h48.23.399584 +0530,
related ,date,day,d_y,0.1,day,0.6,16,16,0,[np.float64(-0.10777777777777778)],[np.float64(-0.4077777777777778)],[1],[0],[0],[4.016810040920973],['submit_text'],dry,0,16,16,56,588.9740783749148,,588.969007417094,588.9740783749148,0.003016832983121276,589.4727825419977,589.4727825419977,589.4727825419977,589.4727825419977,589.5739556669723,592.9861868340522,[np.float64(-0.10777777777777778)],[np.float64(-0.4077777777777778)],[1],[0],[0],[4.016810040920973],['submit_text'],dry,P4,001,2025-11-14_16h47.39.541,untitled,,2025.1.1,120.99140373053115,2025-11-14 16h48.23.399584 +0530,
related ,track,race,r_c_,0.1,race,0.6,17,17,0,[np.float64(-0.10777777777777778)],[np.float64(-0.4077777777777778)],[1],[0],[0],[5.045928625157103],['submit_text'],rack,0,17,17,34,592.995854542125,,592.9899757499807,592.995854542125,0.00368200009688735,593.4909147499129,593.4909147499129,593.4909147499129,593.5033061250579,593.5844728751108,598.0363337090239,[np.float64(-0.10777777777777778)],[np.float64(-0.4077777777777778)],[1],[0],[0],[5.045928625157103],['submit_text'],rack,P4,001,2025-11-14_16h47.39.541,untitled,,2025.1.1,120.99140373053115,2025-11-14 16h48.23.399584 +0530,
unrelated ,city,feather,f_a_h_r,0.4,feather,0.9,18,18,0,[np.float64(-0.11)],[np.float64(-0.40444444444444444)],[1],[0],[0],[6.818301791790873],['submit_text'],father,0,18,18,68,598.0454080840573,,598.0402837919537,598.0454080840573,0.003816707991063595,598.5424328749068,598.5424328749068,598.5424328749068,598.557271250058,598.9334822921082,604.8589599169791,[np.float64(-0.11)],[np.float64(-0.40444444444444444)],[1],[0],[0],[6.818301791790873],['submit_text'],father,P4,001,2025-11-14_16h47.39.541,untitled,,2025.1.1,120.99140373053115,2025-11-14 16h48.23.399584 +0530,
unrelated ,coffee,puppet,p_pp_t,0.4,puppet,0.9,19,19,0,[np.float64(-0.10888888888888888)],[np.float64(-0.4066666666666667)],[0],[0],[0],[3.9301155409775674],['submit_text'],puppet,0,19,19,76,604.868964875117,,604.8633914999664,604.868964875117,0.004306500079110265,605.3634952090215,605.3634952090215,605.3634952090215,605.391007249942,605.7745155419689,608.7939183749259,[np.float64(-0.10888888888888888)],[np.float64(-0.4066666666666667)],[0],[0],[0],[3.9301155409775674],['submit_text'],puppet,P4,001,2025-11-14_16h47.39.541,untitled,,2025.1.1,120.99140373053115,2025-11-14 16h48.23.399584 +0530,
related ,row,column,c_l__n,0.1,column,0.6,20,20,0,[np.float64(-0.10888888888888888)],[np.float64(-0.4066666666666667)],[1],[0],[0],[11.965049207909033],['submit_text'],column,0,20,20,26,608.8025237920228,,608.7972847919445,608.8025237920228,0.0032502501271665096,609.2914852919057,609.2914852919057,609.2914852919057,609.3027538340539,609.4081155839376,620.7627097500954,[np.float64(-0.10888888888888888)],[np.float64(-0.4066666666666667)],[1],[0],[0],[11.965049207909033],['submit_text'],column,P4,001,2025-11-14_16h47.39.541,untitled,,2025.1.1,120.99140373053115,2025-11-14 16h48.23.399584 +0530,
related ,road,traffic,t_a__ic,0.4,traffic,0.9,21,21,0,[np.float64(-0.10888888888888888)],[np.float64(-0.4066666666666667)],[1],[0],[0],[4.775215792004019],['submit_text'],traffic,0,21,21,23,620.774829500122,,620.767186375102,620.774829500122,0.004352082964032888,621.2753769590054,621.2753769590054,621.2753769590054,621.2753769590054,621.6686314591207,625.5428484170698,[np.float64(-0.10888888888888888)],[np.float64(-0.4066666666666667)],[1],[0],[0],[4.775215792004019],['submit_text'],traffic,P4,001,2025-11-14_16h47.39.541,untitled,,2025.1.1,120.99140373053115,2025-11-14 16h48.23.399584 +0530,
unrelated ,register,flute,fl__e,0.4,flute,0.9,22,22,0,[np.float64(-0.10888888888888888)],[np.float64(-0.4066666666666667)],[1],[0],[0],[23.465217542136088],['submit_text'],flate,0,22,22,92,625.5538492500782,,625.5482550840825,625.5538492500782,0.005283083999529481,626.0461246669292,626.0461246669292,626.0461246669292,626.0584034170024,626.4414082500152,649.0139113750774,[np.float64(-0.10888888888888888)],[np.float64(-0.4066666666666667)],[1],[0],[0],[23.465217542136088],['submit_text'],flate,P4,001,2025-11-14_16h47.39.541,untitled,,2025.1.1,120.99140373053115,2025-11-14 16h48.23.399584 +0530,
unrelated ,towel,grass,g_a_s,0.4,grass,0.9,23,23,0,[np.float64(-0.10888888888888888)],[np.float64(-0.4066666666666667)],[1],[0],[0],[4.133412624942139],['submit_text'],grass,0,23,23,102,649.0248783749994,,649.0187520419713,649.0248783749994,0.004723833873867989,649.5134230419062,649.5134230419062,649.5134230419062,649.5250990421046,649.9176145419478,653.1526002499741,[np.float64(-0.10888888888888888)],[np.float64(-0.4066666666666667)],[1],[0],[0],[4.133412624942139],['submit_text'],grass,P4,001,2025-11-14_16h47.39.541,untitled,,2025.1.1,120.99140373053115,2025-11-14 16h48.23.399584 +0530,
related ,clock,time,t_m_,0.1,time,0.6,24,24,0,[np.float64(-0.10888888888888888)],[np.float64(-0.4066666666666667)],[1],[0],[0],[5.195348332868889],['submit_text'],time,0,24,24,28,653.1617775000632,,653.1559434588999,653.1617775000632,0.0032085829880088568,653.6574103340972,653.6574103340972,653.6574103340972,653.670321166981,653.7587160419207,658.3516893340275,[np.float64(-0.10888888888888888)],[np.float64(-0.4066666666666667)],[1],[0],[0],[5.195348332868889],['submit_text'],time,P4,001,2025-11-14_16h47.39.541,untitled,,2025.1.1,120.99140373053115,2025-11-14 16h48.23.399584 +0530,
related ,data,graph,g_a_h,0.4,graph,0.9,25,25,0,[np.float64(-0.11222222222222222)],[np.float64(-0.4033333333333333)],[1],[0],[0],[8.064648958155885],['submit_text'],graph,0,25,25,35,658.3619568340946,,658.3551635839976,658.3619568340946,0.0033774159383028746,658.8589724169578,658.8589724169578,658.8589724169578,658.8713779170066,659.2500241671223,666.4202733340207,[np.float64(-0.11222222222222222)],[np.float64(-0.4033333333333333)],[1],[0],[0],[8.064648958155885],['submit_text'],graph,P4,001,2025-11-14_16h47.39.541,untitled,,2025.1.1,120.99140373053115,2025-11-14 16h48.23.399584 +0530,
unrelated ,turmeric,sipper,s_p_e_,0.4,sipper,0.9,26,26,0,[np.float64(-0.11)],[np.float64(-0.4088888888888889)],[1],[0],[0],[24.918741791974753],['submit_text'],sapien,0,26,26,90,666.4303547919262,,666.4250195841305,666.4303547919262,0.0046366669703274965,666.942458084086,666.942458084086,666.942458084086,666.9588623750024,667.3186259169597,691.3441975000314,[np.float64(-0.11)],[np.float64(-0.4088888888888889)],[1],[0],[0],[24.918741791974753],['submit_text'],sapien,P4,001,2025-11-14_16h47.39.541,untitled,,2025.1.1,120.99140373053115,2025-11-14 16h48.23.399584 +0530,
related ,hospital ,doctor,d__t_r,0.1,doctor ,0.6,27,27,0,[np.float64(-0.11)],[np.float64(-0.4088888888888889)],[1],[0],[0],[3.5816422919742763],['submit_text'],doctor,0,27,27,0,691.3552426670212,,691.3491351669654,691.3552426670212,0.004823125200346112,691.8491332500707,691.8491332500707,691.8491332500707,691.8615178340115,691.9429903749842,694.9312097919174,[np.float64(-0.11)],[np.float64(-0.4088888888888889)],[1],[0],[0],[3.5816422919742763],['submit_text'],doctor,P4,001,2025-11-14_16h47.39.541,untitled,,2025.1.1,120.99140373053115,2025-11-14 16h48.23.399584 +0530,
related ,laundry,clothes ,c__t__s,0.4,clothes,0.9,28,28,0,[np.float64(-0.11)],[np.float64(-0.4088888888888889)],[1],[0],[0],[3.549044207902625],['submit_text'],clothes,0,28,28,11,694.9432389589492,,694.9354850000236,694.9432389589492,0.0041560831014066935,695.4310035419185,695.4310035419185,695.4310035419185,695.4424126250669,695.8352245839778,698.4848924591206,[np.float64(-0.11)],[np.float64(-0.4088888888888889)],[1],[0],[0],[3.549044207902625],['submit_text'],clothes,P4,001,2025-11-14_16h47.39.541,untitled,,2025.1.1,120.99140373053115,2025-11-14 16h48.23.399584 +0530,
unrelated ,numbers,fire,f_re,0.1,fire,0.6,29,29,0,[np.float64(-0.11)],[np.float64(-0.4066666666666667)],[1],[0],[0],[2.7788026658818126],['submit_text'],fire,0,29,29,107,698.5101976669393,,698.4883277919143,698.5101976669393,0.0033393329940736294,698.9920414590742,698.9920414590742,698.9920414590742,699.0156781671103,699.0793427499011,701.2674437919632,[np.float64(-0.11)],[np.float64(-0.4066666666666667)],[1],[0],[0],[2.7788026658818126],['submit_text'],fire,P4,001,2025-11-14_16h47.39.541,untitled,,2025.1.1,120.99140373053115,2025-11-14 16h48.23.399584 +0530,
related ,classroom ,benches ,b_n__es,0.1,benches,0.6,30,30,0,[np.float64(-0.11)],[np.float64(-0.4066666666666667)],[1],[0],[0],[69.71803804207593],['submit_text'],bundles,0,30,30,2,701.2764595840126,,701.2708006671164,701.2764595840126,0.003275540890172124,701.7765110419132,701.7765110419132,701.7765110419132,701.7765110419132,701.8694708750118,770.9893245419953,[np.float64(-0.11)],[np.float64(-0.4066666666666667)],[1],[0],[0],[69.71803804207593],['submit_text'],bundles,P4,001,2025-11-14_16h47.39.541,untitled,,2025.1.1,120.99140373053115,2025-11-14 16h48.23.399584 +0530,
related ,washroom,shower,s_o_e_,0.4,shower,0.9,31,31,0,[np.float64(-0.11)],[np.float64(-0.4066666666666667)],[1],[0],[0],[4.98551404196769],['submit_text'],shower,0,31,31,5,770.9986925420817,,770.9933976249304,770.9986925420817,0.003967332886531949,771.4917089170776,771.4917089170776,771.4917089170776,771.5035560419783,771.8873438751325,775.9794093749952,[np.float64(-0.11)],[np.float64(-0.4066666666666667)],[1],[0],[0],[4.98551404196769],['submit_text'],shower,P4,001,2025-11-14_16h47.39.541,untitled,,2025.1.1,120.99140373053115,2025-11-14 16h48.23.399584 +0530,
unrelated ,tea,duck,du__,0.1,duck,0.6,32,32,0,[np.float64(-0.11)],[np.float64(-0.4066666666666667)],[1],[0],[0],[7.2367602090816945],['submit_text'],dupe,0,32,32,77,775.989170084009,,775.9832462919876,775.989170084009,0.0037189580034464598,776.4821917500813,776.4821917500813,776.4821917500813,776.4942714590579,776.5805444170255,783.2203662919346,[np.float64(-0.11)],[np.float64(-0.4066666666666667)],[1],[0],[0],[7.2367602090816945],['submit_text'],dupe,P4,001,2025-11-14_16h47.39.541,untitled,,2025.1.1,120.99140373053115,2025-11-14 16h48.23.399584 +0530,
unrelated ,shirt,chips,c_i_s,0.4,chips,0.9,33,33,0,[np.float64(-0.11)],[np.float64(-0.4066666666666667)],[1],[0],[0],[10.922506083035842],['submit_text'],clits,0,33,33,112,783.2447250001132,,783.22362895892,783.2447250001132,0.003181084059178829,783.7284412090667,783.7284412090667,783.7284412090667,783.7407095839735,784.121542125009,794.146620334126,[np.float64(-0.11)],[np.float64(-0.4066666666666667)],[1],[0],[0],[10.922506083035842],['submit_text'],clits,P4,001,2025-11-14_16h47.39.541,untitled,,2025.1.1,120.99140373053115,2025-11-14 16h48.23.399584 +0530,
related ,fork,spoon,s___n,0.1,spoon,0.6,34,34,0,[np.float64(-0.11)],[np.float64(-0.4066666666666667)],[1],[0],[0],[3.7285734589677304],['submit_text'],spoon,0,34,34,24,794.1577254170552,,794.1507517499849,794.1577254170552,0.004020333988592029,794.646482042037,794.646482042037,794.646482042037,794.661552292062,794.7476180840749,797.8798363339156,[np.float64(-0.11)],[np.float64(-0.4066666666666667)],[1],[0],[0],[3.7285734589677304],['submit_text'],spoon,P4,001,2025-11-14_16h47.39.541,untitled,,2025.1.1,120.99140373053115,2025-11-14 16h48.23.399584 +0530,
unrelated ,shelf,motor,m_t_r,0.1,motor,0.6,35,35,0,[np.float64(-0.11)],[np.float64(-0.4066666666666667)],[1],[0],[0],[5.511896749958396],['submit_text'],meter,0,35,35,101,797.8901151251048,,797.8842256250791,797.8901151251048,0.004271791083738208,798.4117976250127,798.4117976250127,798.4117976250127,798.4117976250127,798.4820999170188,803.3966497920919,[np.float64(-0.11)],[np.float64(-0.4066666666666667)],[1],[0],[0],[5.511896749958396],['submit_text'],meter,P4,001,2025-11-14_16h47.39.541,untitled,,2025.1.1,120.99140373053115,2025-11-14 16h48.23.399584 +0530,
related ,textbook,chapter,c_a_t_r,0.4,chapter,0.9,36,36,0,[np.float64(-0.11)],[np.float64(-0.4066666666666667)],[1],[0],[0],[9.737506166100502],['submit_text'],chapter,0,36,36,25,803.4086732501164,,803.402581792092,803.4086732501164,0.005820458056405187,803.898648167029,803.898648167029,803.898648167029,803.9119655839168,804.3119657919742,813.1406337500084,[np.float64(-0.11)],[np.float64(-0.4066666666666667)],[1],[0],[0],[9.737506166100502],['submit_text'],chapter,P4,001,2025-11-14_16h47.39.541,untitled,,2025.1.1,120.99140373053115,2025-11-14 16h48.23.399584 +0530,
related ,music,song,s__g,0.4,song,0.9,37,37,0,[np.float64(-0.11)],[np.float64(-0.4066666666666667)],[1],[0],[0],[3.5859051670413464],['submit_text'],song,0,37,37,7,813.1493257090915,,813.1441350840032,813.1493257090915,0.0033992500975728035,813.6438227090985,813.6438227090985,813.6438227090985,813.6559401669074,814.0447262499947,816.7306315000169,[np.float64(-0.11)],[np.float64(-0.4066666666666667)],[1],[0],[0],[3.5859051670413464],['submit_text'],song,P4,001,2025-11-14_16h47.39.541,untitled,,2025.1.1,120.99140373053115,2025-11-14 16h48.23.399584 +0530,
related ,call,phone,p_o_e,0.1,phone,0.6,38,38,0,[np.float64(-0.11)],[np.float64(-0.4066666666666667)],[1],[0],[0],[4.262417500140145],['submit_text'],phone,0,38,38,40,816.740738667082,,816.7349315420724,816.740738667082,0.004160166950896382,817.2340047920588,817.2340047920588,817.2340047920588,817.2622809999157,817.3319528340362,820.997870542109,[np.float64(-0.11)],[np.float64(-0.4066666666666667)],[1],[0],[0],[4.262417500140145],['submit_text'],phone,P4,001,2025-11-14_16h47.39.541,untitled,,2025.1.1,120.99140373053115,2025-11-14 16h48.23.399584 +0530,
unrelated ,interview,dollar,d_l_a_,0.1,dollar,0.6,39,39,0,[np.float64(-0.11)],[np.float64(-0.4066666666666667)],[1],[0],[0],[95.23963095806539],['submit_text'],delay ,0,39,39,71,821.012232542038,,821.0024665000383,821.012232542038,0.0044662079308182,821.5007863750216,821.5007863750216,821.5007863750216,821.5123422089964,821.6123776671011,916.2427448339295,[np.float64(-0.11)],[np.float64(-0.4066666666666667)],[1],[0],[0],[95.23963095806539],['submit_text'],delay ,P4,001,2025-11-14_16h47.39.541,untitled,,2025.1.1,120.99140373053115,2025-11-14 16h48.23.399584 +0530,
unrelated ,garden ,ocean ,o___n ,0.4,ocean ,0.9,40,40,0,[np.float64(-0.11)],[np.float64(-0.4066666666666667)],[1],[0],[0],[39.01263270806521],['submit_text'],ocean,0,40,40,60,916.2522359590512,,916.2467888339888,916.2522359590512,0.003921041963621974,916.7457662089728,916.7457662089728,916.7457662089728,916.7577292090282,917.1577633339912,955.2600150001235,[np.float64(-0.11)],[np.float64(-0.4066666666666667)],[1],[0],[0],[39.01263270806521],['submit_text'],ocean,P4,001,2025-11-14_16h47.39.541,untitled,,2025.1.1,120.99140373053115,2025-11-14 16h48.23.399584 +0530,
related ,party,dance,d_n_e,0.4,dance,0.9,41,41,0,[np.float64(-0.11)],[np.float64(-0.4066666666666667)],[1],[0],[0],[4.062763083027676],['submit_text'],dense,0,41,41,37,955.2691142919939,,955.2638232919853,955.2691142919939,0.003705834038555622,955.7687260839157,955.7687260839157,955.7687260839157,955.7813272089697,956.1817867499776,959.3272326251026,[np.float64(-0.11)],[np.float64(-0.4066666666666667)],[1],[0],[0],[4.062763083027676],['submit_text'],dense,P4,001,2025-11-14_16h47.39.541,untitled,,2025.1.1,120.99140373053115,2025-11-14 16h48.23.399584 +0530,
related ,board,chalk,c___k,0.1,chalk,0.6,42,42,0,[np.float64(-0.10666666666666667)],[np.float64(-0.40444444444444444)],[1],[0],[0],[4.528482374968007],['submit_text'],chalk,0,42,42,30,959.3367755839135,,959.3314371670131,959.3367755839135,0.004075624980032444,959.8321942090988,959.8321942090988,959.8321942090988,959.8447976671159,959.9247075840831,963.8604771250393,[np.float64(-0.10666666666666667)],[np.float64(-0.40444444444444444)],[1],[0],[0],[4.528482374968007],['submit_text'],chalk,P4,001,2025-11-14_16h47.39.541,untitled,,2025.1.1,120.99140373053115,2025-11-14 16h48.23.399584 +0530,
related ,fan,light,l_g_t,0.4,light,0.9,43,43,0,[np.float64(-0.10666666666666667)],[np.float64(-0.40444444444444444)],[1],[0],[0],[2.9429672081023455],['submit_text'],light,0,43,43,45,963.8696683750022,,963.8641165001318,963.8696683750022,0.0035458749625831842,964.363313750131,964.363313750131,964.363313750131,964.3755270419642,964.7653834170196,966.8076648339629,[np.float64(-0.10666666666666667)],[np.float64(-0.40444444444444444)],[1],[0],[0],[2.9429672081023455],['submit_text'],light,P4,001,2025-11-14_16h47.39.541,untitled,,2025.1.1,120.99140373053115,2025-11-14 16h48.23.399584 +0530,
unrelated ,sandwich ,games,g_m_s,0.4,games,0.9,44,44,0,[np.float64(-0.10666666666666667)],[np.float64(-0.40444444444444444)],[1],[0],[0],[39.26023120805621],['submit_text'],gemes,0,44,44,62,966.8323027919978,,966.8108673749957,966.8323027919978,0.003108750097453594,967.3138026669621,967.3138026669621,967.3138026669621,967.3362566670403,967.7151912921108,1006.0716585840564,[np.float64(-0.10666666666666667)],[np.float64(-0.40444444444444444)],[1],[0],[0],[39.26023120805621],['submit_text'],gemes,P4,001,2025-11-14_16h47.39.541,untitled,,2025.1.1,120.99140373053115,2025-11-14 16h48.23.399584 +0530,
unrelated ,ladder,pitcher,p_t_h_r,0.1,pitcher,0.6,45,45,0,[np.float64(-0.10666666666666667)],[np.float64(-0.40444444444444444)],[1],[0],[0],[19.208714166888967],['submit_text'],patcher,0,45,45,103,1006.0830650839489,,1006.075719084125,1006.0830650839489,0.003928833873942494,1006.5706440841313,1006.5706440841313,1006.5706440841313,1006.5823574170936,1006.6695193750784,1025.2850292499643,[np.float64(-0.10666666666666667)],[np.float64(-0.40444444444444444)],[1],[0],[0],[19.208714166888967],['submit_text'],patcher,P4,001,2025-11-14_16h47.39.541,untitled,,2025.1.1,120.99140373053115,2025-11-14 16h48.23.399584 +0530,
related ,light,electricity,e_e_t_i_i_y,0.1,electricity ,0.6,46,46,0,[np.float64(-0.10666666666666667)],[np.float64(-0.40444444444444444)],[1],[0],[0],[8.787164208944887],['submit_text'],electricity,0,46,46,16,1025.2959459170233,,1025.2901314590126,1025.2959459170233,0.004992583999410272,1025.7905311249197,1025.7905311249197,1025.7905311249197,1025.8037626249716,1025.8826430840418,1034.0779529169668,[np.float64(-0.10666666666666667)],[np.float64(-0.40444444444444444)],[1],[0],[0],[8.787164208944887],['submit_text'],electricity,P4,001,2025-11-14_16h47.39.541,untitled,,2025.1.1,120.99140373053115,2025-11-14 16h48.23.399584 +0530,
unrelated ,skirt,earbuds,e_r_u_s,0.1,earbuds,0.6,47,47,0,[np.float64(-0.10666666666666667)],[np.float64(-0.40444444444444444)],[1],[0],[0],[72.64942220808007],['submit_text'],eeriues,0,47,47,111,1034.0873235419858,,1034.0817715420853,1034.0873235419858,0.0037146660033613443,1034.5817793749738,1034.5817793749738,1034.5817793749738,1034.5938975841273,1034.6704351250082,1106.7318585000467,[np.float64(-0.10666666666666667)],[np.float64(-0.40444444444444444)],[1],[0],[0],[72.64942220808007],['submit_text'],eeriues,P4,001,2025-11-14_16h47.39.541,untitled,,2025.1.1,120.99140373053115,2025-11-14 16h48.23.399584 +0530,
unrelated ,shirt,aquatic ,a_u_t_c,0.4,aquatic,0.9,48,48,0,[np.float64(-0.10666666666666667)],[np.float64(-0.40444444444444444)],[1],[0],[0],[7.108273792080581],['submit_text'],aquatic,0,48,48,78,1106.7458889170084,,1106.7385302090552,1106.7458889170084,0.006292707985267043,1107.2355336670298,1107.2355336670298,1107.2355336670298,1107.2479249169119,1107.6271581249312,1113.8474985000212,[np.float64(-0.10666666666666667)],[np.float64(-0.40444444444444444)],[1],[0],[0],[7.108273792080581],['submit_text'],aquatic,P4,001,2025-11-14_16h47.39.541,untitled,,2025.1.1,120.99140373053115,2025-11-14 16h48.23.399584 +0530,
related ,reflection,mirror,m_rr__,0.4,mirror,0.9,49,49,0,[np.float64(-0.10666666666666667)],[np.float64(-0.40444444444444444)],[1],[0],[0],[3.675105541944504],['submit_text'],mirror,0,49,49,19,1113.8569825000595,,1113.8517434999812,1113.8569825000595,0.004106750013306737,1114.3552505839616,1114.3552505839616,1114.3552505839616,1114.3685953340027,1114.7509230000433,1117.5274437919725,[np.float64(-0.10666666666666667)],[np.float64(-0.40444444444444444)],[1],[0],[0],[3.675105541944504],['submit_text'],mirror,P4,001,2025-11-14_16h47.39.541,untitled,,2025.1.1,120.99140373053115,2025-11-14 16h48.23.399584 +0530,
unrelated ,suitcase,feet,f_e_,0.1,feet,0.6,50,50,0,[np.float64(-0.10666666666666667)],[np.float64(-0.40444444444444444)],[1],[0],[0],[13.396399541990831],['submit_text'],fees,0,50,50,109,1117.5357665419579,,1117.53028954193,1117.5357665419579,0.0027649588882923126,1118.0343722919933,1118.0343722919933,1118.0343722919933,1118.0343722919933,1118.1221792090219,1130.9272382499184,[np.float64(-0.10666666666666667)],[np.float64(-0.40444444444444444)],[1],[0],[0],[13.396399541990831],['submit_text'],fees,P4,001,2025-11-14_16h47.39.541,untitled,,2025.1.1,120.99140373053115,2025-11-14 16h48.23.399584 +0530,
unrelated ,bubbles,closet,c_o_e_,0.4,closet,0.9,51,51,0,[np.float64(-0.10666666666666667)],[np.float64(-0.40444444444444444)],[1],[0],[0],[35.59100545896217],['submit_text'],crores,0,51,51,88,1130.9354706669692,,1130.9302095000166,1130.9354706669692,0.0028897500596940517,1131.4236793341115,1131.4236793341115,1131.4236793341115,1131.4357286249287,1131.818946625106,1166.5218340000138,[np.float64(-0.10666666666666667)],[np.float64(-0.40444444444444444)],[1],[0],[0],[35.59100545896217],['submit_text'],crores,P4,001,2025-11-14_16h47.39.541,untitled,,2025.1.1,120.99140373053115,2025-11-14 16h48.23.399584 +0530,
related ,plant,flower,f_o_e_,0.4,flower,0.9,52,52,0,[np.float64(-0.10666666666666667)],[np.float64(-0.40444444444444444)],[1],[0],[0],[3.5706095001660287],['submit_text'],flower,0,52,52,57,1166.5360825839452,,1166.526340374956,1166.5360825839452,0.004388124914839864,1167.0274071251042,1167.0274071251042,1167.0274071251042,1167.0402290420607,1167.4288249169476,1170.097631291952,[np.float64(-0.10666666666666667)],[np.float64(-0.40444444444444444)],[1],[0],[0],[3.5706095001660287],['submit_text'],flower,P4,001,2025-11-14_16h47.39.541,untitled,,2025.1.1,120.99140373053115,2025-11-14 16h48.23.399584 +0530,
related ,map,atlas,a_l_s,0.4,atlas,0.9,53,53,0,[np.float64(-0.10666666666666667)],[np.float64(-0.40444444444444444)],[1],[0],[0],[3.589568582829088],['submit_text'],atlas,0,53,53,59,1170.1066474169493,,1170.1010188339278,1170.1066474169493,0.003282708115875721,1170.601713417098,1170.601713417098,1170.601713417098,1170.6140069589019,1171.0196636249311,1173.6911682500504,[np.float64(-0.10666666666666667)],[np.float64(-0.40444444444444444)],[1],[0],[0],[3.589568582829088],['submit_text'],atlas,P4,001,2025-11-14_16h47.39.541,untitled,,2025.1.1,120.99140373053115,2025-11-14 16h48.23.399584 +0530,
related ,bride,groom,g___m,0.1,groom,0.6,54,54,0,[np.float64(-0.10666666666666667)],[np.float64(-0.40444444444444444)],[1],[0],[0],[3.8699446658138186],['submit_text'],groom,0,54,54,42,1173.7023820839822,,1173.694950541947,1173.7023820839822,0.0036695420276373625,1174.1915219170041,1174.1915219170041,1174.1915219170041,1174.2199089999776,1174.2898605840746,1177.5656148339622,[np.float64(-0.10666666666666667)],[np.float64(-0.40444444444444444)],[1],[0],[0],[3.8699446658138186],['submit_text'],groom,P4,001,2025-11-14_16h47.39.541,untitled,,2025.1.1,120.99140373053115,2025-11-14 16h48.23.399584 +0530,
related ,shoe,sock,s__k,0.1,sock,0.6,55,55,0,[np.float64(-0.11)],[np.float64(-0.4066666666666667)],[1],[0],[0],[9.141741666011512],['submit_text'],sink,0,55,55,22,1177.575121291913,,1177.5694346670061,1177.575121291913,0.0037007080391049385,1178.0689131671097,1178.0689131671097,1178.0689131671097,1178.0812234999612,1178.1697925000917,1186.7118159590755,[np.float64(-0.11)],[np.float64(-0.4066666666666667)],[1],[0],[0],[9.141741666011512],['submit_text'],sink,P4,001,2025-11-14_16h47.39.541,untitled,,2025.1.1,120.99140373053115,2025-11-14 16h48.23.399584 +0530,
related ,evening ,sunset,s_n_e_,0.4,sunset,0.9,56,56,0,[np.float64(-0.11)],[np.float64(-0.4066666666666667)],[1],[0],[0],[31.924723458010703],['submit_text'],sunset,0,56,56,33,1186.71996054193,,1186.7149276670534,1186.71996054193,0.003017999930307269,1187.2184819169343,1187.2184819169343,1187.2184819169343,1187.2184819169343,1187.6022388751153,1218.6403141671326,[np.float64(-0.11)],[np.float64(-0.4066666666666667)],[1],[0],[0],[31.924723458010703],['submit_text'],sunset,P4,001,2025-11-14_16h47.39.541,untitled,,2025.1.1,120.99140373053115,2025-11-14 16h48.23.399584 +0530,
related ,jungle,animal,a__m_l,0.1,animal,0.6,57,57,0,[np.float64(-0.11)],[np.float64(-0.4066666666666667)],[1],[0],[0],[30.04213845799677],['submit_text'],animal,0,57,57,6,1218.6528744590469,,1218.6468222090043,1218.6528744590469,0.006380083039402962,1219.1441874590237,1219.1441874590237,1219.1441874590237,1219.1570779171307,1219.237223375123,1248.6897295000963,[np.float64(-0.11)],[np.float64(-0.4066666666666667)],[1],[0],[0],[30.04213845799677],['submit_text'],animal,P4,001,2025-11-14_16h47.39.541,untitled,,2025.1.1,120.99140373053115,2025-11-14 16h48.23.399584 +0530,
related ,table,chair,c_a_r,0.4,chair,0.9,58,58,0,[np.float64(-0.11)],[np.float64(-0.4122222222222222)],[1],[0],[0],[22.27196479192935],['submit_text'],chair,0,58,58,43,1248.700792167103,,1248.694377125008,1248.700792167103,0.004516582936048508,1249.1968892500736,1249.1968892500736,1249.1968892500736,1249.208520916989,1249.5976641250309,1270.9670675001107,[np.float64(-0.11)],[np.float64(-0.4122222222222222)],[1],[0],[0],[22.27196479192935],['submit_text'],chair,P4,001,2025-11-14_16h47.39.541,untitled,,2025.1.1,120.99140373053115,2025-11-14 16h48.23.399584 +0530,
unrelated ,keyboard,lamp,l__p,0.1,lamp,0.6,59,59,0,[np.float64(-0.11)],[np.float64(-0.4122222222222222)],[1],[0],[0],[11.295514415949583],['submit_text'],loop,0,59,59,81,1270.9761034999974,,1270.9706860000733,1270.9761034999974,0.0035112500190734863,1271.470350000076,1271.470350000076,1271.470350000076,1271.4822581249755,1271.5830475420225,1282.266867666971,[np.float64(-0.11)],[np.float64(-0.4122222222222222)],[1],[0],[0],[11.295514415949583],['submit_text'],loop,P4,001,2025-11-14_16h47.39.541,untitled,,2025.1.1,120.99140373053115,2025-11-14 16h48.23.399584 +0530,
related ,camera,picture,p_c_u_e,0.4,picture,0.9,60,60,0,[np.float64(-0.11)],[np.float64(-0.4122222222222222)],[1],[0],[0],[7.819813000038266],['submit_text'],picture,0,60,60,41,1282.2760889590718,,1282.2706649589818,1282.2760889590718,0.0036955000832676888,1282.7703102920204,1282.7703102920204,1282.7703102920204,1282.7825872499961,1283.1634258751292,1290.0911710420623,[np.float64(-0.11)],[np.float64(-0.4122222222222222)],[1],[0],[0],[7.819813000038266],['submit_text'],picture,P4,001,2025-11-14_16h47.39.541,untitled,,2025.1.1,120.99140373053115,2025-11-14 16h48.23.399584 +0530,
unrelated ,window,cat,c_t,0.1,cat,0.6,61,61,0,[np.float64(-0.11)],[np.float64(-0.4122222222222222)],[1],[0],[0],[2.317892791936174],['submit_text'],cut,0,61,61,117,1290.1056692500133,,1290.095121334074,1290.1056692500133,0.0038293329998850822,1290.593051834032,1290.593051834032,1290.593051834032,1290.605298209004,1290.691837209044,1292.4136461250018,[np.float64(-0.11)],[np.float64(-0.4122222222222222)],[1],[0],[0],[2.317892791936174],['submit_text'],cut,P4,001,2025-11-14_16h47.39.541,untitled,,2025.1.1,120.99140373053115,2025-11-14 16h48.23.399584 +0530,
unrelated ,napkin,wave,w__e,0.1,wave,0.6,62,62,0,[np.float64(-0.11)],[np.float64(-0.4088888888888889)],[1],[0],[0],[11.71675583301112],['submit_text'],wave,0,62,62,73,1292.4218159171287,,1292.4164490839466,1292.4218159171287,0.0027232500724494457,1292.9248127921019,1292.9248127921019,1292.9248127921019,1292.9248127921019,1293.0168610839173,1304.1339168339036,[np.float64(-0.11)],[np.float64(-0.4088888888888889)],[1],[0],[0],[11.71675583301112],['submit_text'],wave,P4,001,2025-11-14_16h47.39.541,untitled,,2025.1.1,120.99140373053115,2025-11-14 16h48.23.399584 +0530,
related ,dessert,sweet,s___t,0.4,sweet,0.9,63,63,0,[np.float64(-0.11)],[np.float64(-0.4088888888888889)],[1],[0],[0],[7.278159167151898],['submit_text'],sweet,0,63,63,39,1304.142536249943,,1304.137418959057,1304.142536249943,0.003412083024159074,1304.637281958945,1304.637281958945,1304.637281958945,1304.6491700420156,1305.03031066712,1311.4162814999,[np.float64(-0.11)],[np.float64(-0.4088888888888889)],[1],[0],[0],[7.278159167151898],['submit_text'],sweet,P4,001,2025-11-14_16h47.39.541,untitled,,2025.1.1,120.99140373053115,2025-11-14 16h48.23.399584 +0530,
related ,aeroplane,airport,a_r_o_t,0.4,airport,0.9,64,64,0,[np.float64(-0.11)],[np.float64(-0.4088888888888889)],[1],[0],[0],[4.057085750158876],['submit_text'],apricot,0,64,64,53,1311.4256948749535,,1311.419789167121,1311.4256948749535,0.003418165957555175,1311.9220971670002,1311.9220971670002,1311.9220971670002,1311.9353793750051,1312.322568041971,1315.4774990000296,[np.float64(-0.11)],[np.float64(-0.4088888888888889)],[1],[0],[0],[4.057085750158876],['submit_text'],apricot,P4,001,2025-11-14_16h47.39.541,untitled,,2025.1.1,120.99140373053115,2025-11-14 16h48.23.399584 +0530,
unrelated ,flipflops,battle,b_t_l_,0.1,battle,0.6,65,65,0,[np.float64(-0.11)],[np.float64(-0.4088888888888889)],[1],[0],[0],[3.261858749901876],['submit_text'],bottle,0,65,65,93,1315.4895326669794,,1315.48153520911,1315.4895326669794,0.003935875138267875,1315.9778693749104,1315.9778693749104,1315.9778693749104,1316.00615470903,1316.0829365421087,1318.7440401250497,[np.float64(-0.11)],[np.float64(-0.4088888888888889)],[1],[0],[0],[3.261858749901876],['submit_text'],bottle,P4,001,2025-11-14_16h47.39.541,untitled,,2025.1.1,120.99140373053115,2025-11-14 16h48.23.399584 +0530,
related ,sun,star,s__r,0.4,star,0.9,66,66,0,"[np.float64(-0.11222222222222222), np.float64(-0.12333333333333334)]","[np.float64(-0.43666666666666665), np.float64(-0.3988888888888889)]","[0, 1]","[0, 0]","[0, 0]","[3.7284844999667257, 4.750311207957566]","[None, 'submit_text']",soar,0,66,66,49,1318.7553070839494,,1318.7474756669253,1318.7553070839494,0.003332459134981036,1319.2443147921003,1319.2443147921003,1319.2443147921003,1319.2561685419641,1319.641534750117,1323.4984645419754,"[np.float64(-0.11222222222222222), np.float64(-0.12333333333333334)]","[np.float64(-0.43666666666666665), np.float64(-0.3988888888888889)]","[0, 1]","[0, 0]","[0, 0]","[3.7284844999667257, 4.750311207957566]","[None, 'submit_text']",soar,P4,001,2025-11-14_16h47.39.541,untitled,,2025.1.1,120.99140373053115,2025-11-14 16h48.23.399584 +0530,
related ,athletics,sport,s_o_t,0.1,sport,0.6,67,67,0,[np.float64(-0.12333333333333334)],[np.float64(-0.3988888888888889)],[1],[0],[0],[5.226078874897212],['submit_text'],snort,0,67,67,36,1323.5066336249001,,1323.5012845839374,1323.5066336249001,0.002724040998145938,1324.0046779999975,1324.0046779999975,1324.0046779999975,1324.0046779999975,1324.0927771250717,1328.727993916953,[np.float64(-0.12333333333333334)],[np.float64(-0.3988888888888889)],[1],[0],[0],[5.226078874897212],['submit_text'],snort,P4,001,2025-11-14_16h47.39.541,untitled,,2025.1.1,120.99140373053115,2025-11-14 16h48.23.399584 +0530,
unrelated ,planet,bottle,b__t_e,0.1,bottle,0.6,68,68,0,[np.float64(-0.12666666666666668)],[np.float64(-0.3988888888888889)],[1],[0],[0],[20.326004542177543],['submit_text'],bottle,0,68,68,61,1328.7398260419723,,1328.731836500112,1328.7398260419723,0.0037448748480528593,1329.226601250004,1329.226601250004,1329.226601250004,1329.2400946670678,1329.325449834112,1349.0583951671142,[np.float64(-0.12666666666666668)],[np.float64(-0.3988888888888889)],[1],[0],[0],[20.326004542177543],['submit_text'],bottle,P4,001,2025-11-14_16h47.39.541,untitled,,2025.1.1,120.99140373053115,2025-11-14 16h48.23.399584 +0530,
related ,artist,paint,p__nt,0.4,paint,0.9,69,69,0,[np.float64(-0.12666666666666668)],[np.float64(-0.3988888888888889)],[1],[0],[0],[0.2368076250422746],['submit_text'],,0,69,69,13,1349.0732646249235,,1349.0614499589428,1349.0732646249235,0.0029747500084340572,,,,,,1349.2991924590897,[np.float64(-0.12666666666666668)],[np.float64(-0.3988888888888889)],[1],[0],[0],[0.2368076250422746],['submit_text'],,P4,001,2025-11-14_16h47.39.541,untitled,,2025.1.1,120.99140373053115,2025-11-14 16h48.23.399584 +0530,
unrelated ,mountain,street,s_r__t,0.1,street,0.6,70,70,0,[np.float64(-0.12666666666666668)],[np.float64(-0.3988888888888889)],[1],[0],[0],[8.04317416693084],['submit_text'],street,0,70,70,65,1349.3112363750115,,1349.3049124591053,1349.3112363750115,0.005550166824832559,1349.8056144169532,1349.8056144169532,1349.8056144169532,1349.8181122089736,1349.8919263340067,1357.348789291922,[np.float64(-0.12666666666666668)],[np.float64(-0.3988888888888889)],[1],[0],[0],[8.04317416693084],['submit_text'],street,P4,001,2025-11-14_16h47.39.541,untitled,,2025.1.1,120.99140373053115,2025-11-14 16h48.23.399584 +0530,
unrelated ,cereal ,ropes,r_p_s,0.1,ropes,0.6,71,71,0,[np.float64(-0.11777777777777777)],[np.float64(-0.3977777777777778)],[1],[0],[0],[9.280340916942805],['submit_text'],ropes,0,71,71,115,1357.356947625056,,1357.3517549999524,1357.356947625056,0.0028715000953525305,1357.8559015840292,1357.8559015840292,1357.8559015840292,1357.8559015840292,1357.9431980839,1366.6327420000453,[np.float64(-0.11777777777777777)],[np.float64(-0.3977777777777778)],[1],[0],[0],[9.280340916942805],['submit_text'],ropes,P4,001,2025-11-14_16h47.39.541,untitled,,2025.1.1,120.99140373053115,2025-11-14 16h48.23.399584 +0530,
related ,library ,books ,b__k_,0.4,books ,0.9,72,72,0,[np.float64(-0.12111111111111111)],[np.float64(-0.4122222222222222)],[1],[0],[0],[6.262820166070014],['submit_text'],books,0,72,72,1,1366.6575092091225,,1366.636191500118,1366.6575092091225,0.003357541048899293,1367.1396812091116,1367.1396812091116,1367.1396812091116,1367.1646583341062,1367.5240859170444,1372.8996880000923,[np.float64(-0.12111111111111111)],[np.float64(-0.4122222222222222)],[1],[0],[0],[6.262820166070014],['submit_text'],books,P4,001,2025-11-14_16h47.39.541,untitled,,2025.1.1,120.99140373053115,2025-11-14 16h48.23.399584 +0530,
unrelated ,radio,archer,a_c_e_,0.4,archer,0.9,73,73,0,[np.float64(-0.12111111111111111)],[np.float64(-0.41333333333333333)],[1],[0],[0],[8.14885958400555],['submit_text'],archer,0,73,73,114,1372.9073232091032,,1372.9024775419384,1372.9073232091032,0.002708541927859187,1373.4056179169565,1373.4056179169565,1373.4056179169565,1373.4056179169565,1373.7979380420875,1381.0520921670832,[np.float64(-0.12111111111111111)],[np.float64(-0.41333333333333333)],[1],[0],[0],[8.14885958400555],['submit_text'],archer,P4,001,2025-11-14_16h47.39.541,untitled,,2025.1.1,120.99140373053115,2025-11-14 16h48.23.399584 +0530,
unrelated ,bracelet,burger,b_r_e_,0.1,burger,0.6,74,74,0,[np.float64(-0.12111111111111111)],[np.float64(-0.41333333333333333)],[1],[0],[0],[12.893464332912117],['submit_text'],bored,0,74,74,97,1381.0616445839405,,1381.0559114171192,1381.0616445839405,0.0037247082218527794,1381.5558342919685,1381.5558342919685,1381.5558342919685,1381.567982333945,1381.6572740420233,1393.9500784170814,[np.float64(-0.12111111111111111)],[np.float64(-0.41333333333333333)],[1],[0],[0],[12.893464332912117],['submit_text'],bored,P4,001,2025-11-14_16h47.39.541,untitled,,2025.1.1,120.99140373053115,2025-11-14 16h48.23.399584 +0530,
unrelated ,paper,rock,r__k,0.4,rock,0.9,75,75,0,[np.float64(-0.12777777777777777)],[np.float64(-0.4022222222222222)],[1],[0],[0],[6.2320084169041365],['submit_text'],rock,0,75,75,72,1393.9736218750477,,1393.9529894171283,1393.9736218750477,0.002831332851201296,1394.4563733749092,1394.4563733749092,1394.4563733749092,1394.4684855421074,1394.8573311669752,1400.1856708750129,[np.float64(-0.12777777777777777)],[np.float64(-0.4022222222222222)],[1],[0],[0],[6.2320084169041365],['submit_text'],rock,P4,001,2025-11-14_16h47.39.541,untitled,,2025.1.1,120.99140373053115,2025-11-14 16h48.23.399584 +0530,
unrelated ,calculator,lyrics,l_r_c_,0.4,lyrics,0.9,76,76,0,[np.float64(-0.13111111111111112)],[np.float64(-0.4111111111111111)],[1],[0],[0],[10.626986833056435],['submit_text'],lyrics,0,76,76,80,1400.194680375047,,1400.1891809999943,1400.194680375047,0.003424125025048852,1400.6905398340896,1400.6905398340896,1400.6905398340896,1400.7035982920788,1401.0910742920823,1410.8168586250395,[np.float64(-0.13111111111111112)],[np.float64(-0.4111111111111111)],[1],[0],[0],[10.626986833056435],['submit_text'],lyrics,P4,001,2025-11-14_16h47.39.541,untitled,,2025.1.1,120.99140373053115,2025-11-14 16h48.23.399584 +0530,
related ,mother,father,f_t_e_,0.4,father,0.9,77,77,0,[np.float64(-0.13111111111111112)],[np.float64(-0.4111111111111111)],[1],[0],[0],[2.8977849159855396],['submit_text'],father,0,77,77,47,1410.824710167013,,1410.8197956250515,1410.824710167013,0.002861292101442814,1411.3228179169819,1411.3228179169819,1411.3228179169819,1411.3228179169819,1411.724232791923,1413.7183512919582,[np.float64(-0.13111111111111112)],[np.float64(-0.4111111111111111)],[1],[0],[0],[2.8977849159855396],['submit_text'],father,P4,001,2025-11-14_16h47.39.541,untitled,,2025.1.1,120.99140373053115,2025-11-14 16h48.23.399584 +0530,
unrelated ,protein,telephone,t_l_p_o_e,0.4,telephone,0.9,78,78,0,[np.float64(-0.13111111111111112)],[np.float64(-0.4111111111111111)],[1],[0],[0],[19.70656520803459],['submit_text'],telephone,0,78,78,82,1413.7283100839704,,1413.7224267090205,1413.7283100839704,0.003976499894633889,1414.2239652499557,1414.2239652499557,1414.2239652499557,1414.2369639170356,1414.6166097091045,1433.4296801250894,[np.float64(-0.13111111111111112)],[np.float64(-0.4111111111111111)],[1],[0],[0],[19.70656520803459],['submit_text'],telephone,P4,001,2025-11-14_16h47.39.541,untitled,,2025.1.1,120.99140373053115,2025-11-14 16h48.23.399584 +0530,
unrelated ,candle,drum,d__m,0.4,drum,0.9,79,79,0,[np.float64(-0.13111111111111112)],[np.float64(-0.4111111111111111)],[1],[0],[0],[5.44317387486808],['submit_text'],doom,0,79,79,74,1433.4408776669297,,1433.433378084097,1433.4408776669297,0.0035854170564562082,1433.9306201669388,1433.9306201669388,1433.9306201669388,1433.9590627499856,1434.3241094169207,1438.8772565419786,[np.float64(-0.13111111111111112)],[np.float64(-0.4111111111111111)],[1],[0],[0],[5.44317387486808],['submit_text'],doom,P4,001,2025-11-14_16h47.39.541,untitled,,2025.1.1,120.99140373053115,2025-11-14 16h48.23.399584 +0530,
related ,beach,sand,s__d,0.4,sand,0.9,80,80,0,[np.float64(-0.14777777777777779)],[np.float64(-0.3988888888888889)],[1],[0],[0],[3.818695915862918],['submit_text'],sand,0,80,80,9,1438.8919077089522,,1438.8811164170038,1438.8919077089522,0.0037571669090539217,1439.3802124171052,1439.3802124171052,1439.3802124171052,1439.3919689999893,1439.7752854169812,1442.700568959117,[np.float64(-0.14777777777777779)],[np.float64(-0.3988888888888889)],[1],[0],[0],[3.818695915862918],['submit_text'],sand,P4,001,2025-11-14_16h47.39.541,untitled,,2025.1.1,120.99140373053115,2025-11-14 16h48.23.399584 +0530,
related ,shampoo,conditioner,c_n_i_i_n_r,0.4,conditioner,0.9,81,81,0,[np.float64(-0.14777777777777779)],[np.float64(-0.41444444444444445)],[1],[0],[0],[7.422246499918401],['submit_text'],conditioner,0,81,81,27,1442.7247164589353,,1442.703826959012,1442.7247164589353,0.00317799998447299,1443.207555042114,1443.207555042114,1443.207555042114,1443.219959834125,1443.6007023749407,1450.1267237919383,[np.float64(-0.14777777777777779)],[np.float64(-0.41444444444444445)],[1],[0],[0],[7.422246499918401],['submit_text'],conditioner,P4,001,2025-11-14_16h47.39.541,untitled,,2025.1.1,120.99140373053115,2025-11-14 16h48.23.399584 +0530,
related ,night,moon,m__n,0.1,moon,0.6,82,82,0,[np.float64(-0.10444444444444445)],[np.float64(-0.4022222222222222)],[1],[0],[0],[5.0202352500054985],['submit_text'],moon,0,82,82,54,1450.1356636250857,,1450.1299442090094,1450.1356636250857,0.0031327081378549337,1450.6299633339513,1450.6299633339513,1450.6299633339513,1450.6421357919462,1450.7260270840488,1455.1508770000655,[np.float64(-0.10444444444444445)],[np.float64(-0.4022222222222222)],[1],[0],[0],[5.0202352500054985],['submit_text'],moon,P4,001,2025-11-14_16h47.39.541,untitled,,2025.1.1,120.99140373053115,2025-11-14 16h48.23.399584 +0530,
unrelated ,physics,germs,g_r_s,0.1,germs,0.6,83,83,0,[np.float64(-0.10444444444444445)],[np.float64(-0.4022222222222222)],[1],[0],[0],[11.497043041046709],['submit_text'],gares,0,83,83,79,1455.1753295420203,,1455.154114749981,1455.1753295420203,0.0031613341998308897,1455.6573703750037,1455.6573703750037,1455.6573703750037,1455.6821190000046,1455.7516590000596,1466.6519052919466,[np.float64(-0.10444444444444445)],[np.float64(-0.4022222222222222)],[1],[0],[0],[11.497043041046709],['submit_text'],gares,P4,001,2025-11-14_16h47.39.541,untitled,,2025.1.1,120.99140373053115,2025-11-14 16h48.23.399584 +0530,
related ,rain,monsoon,m_ns__n,0.1,monsoon,0.6,84,84,0,[np.float64(-0.11777777777777777)],[np.float64(-0.39222222222222225)],[1],[0],[0],[6.813894374994561],['submit_text'],monsoon,0,84,84,18,1466.6614155001007,,1466.6553941250313,1466.6614155001007,0.003402499947696924,1467.1591532919556,1467.1591532919556,1467.1591532919556,1467.1719053341076,1467.2518038749695,1473.4701237089466,[np.float64(-0.11777777777777777)],[np.float64(-0.39222222222222225)],[1],[0],[0],[6.813894374994561],['submit_text'],monsoon,P4,001,2025-11-14_16h47.39.541,untitled,,2025.1.1,120.99140373053115,2025-11-14 16h48.23.399584 +0530,
related ,school ,students ,s__d__t_,0.4,students,0.9,85,85,0,[np.float64(-0.11777777777777777)],[np.float64(-0.39222222222222225)],[1],[0],[0],[0.1945432499051094],['submit_text'],,0,85,85,3,1473.479503416922,,1473.4739697091281,1473.479503416922,0.003748625051230192,,,,,,1473.6696487090085,[np.float64(-0.11777777777777777)],[np.float64(-0.39222222222222225)],[1],[0],[0],[0.1945432499051094],['submit_text'],,P4,001,2025-11-14_16h47.39.541,untitled,,2025.1.1,120.99140373053115,2025-11-14 16h48.23.399584 +0530,
related ,journey,travel,t_a__l,0.1,travel,0.6,86,86,0,[np.float64(-0.11777777777777777)],[np.float64(-0.39222222222222225)],[1],[0],[0],[5.3426331251394],['submit_text'],travel,0,86,86,52,1473.6808767500333,,1473.6748259589076,1473.6808767500333,0.005017916904762387,1474.1753148750868,1474.1753148750868,1474.1753148750868,1474.187684084056,1474.269371374976,1479.0181969169062,[np.float64(-0.11777777777777777)],[np.float64(-0.39222222222222225)],[1],[0],[0],[5.3426331251394],['submit_text'],travel,P4,001,2025-11-14_16h47.39.541,untitled,,2025.1.1,120.99140373053115,2025-11-14 16h48.23.399584 +0530,
unrelated ,powder,chicken,c_i_k_n,0.1,chicken,0.6,87,87,0,[np.float64(-0.11777777777777777)],[np.float64(-0.39222222222222225)],[1],[0],[0],[4.992876625154167],['submit_text'],chicken,0,87,87,89,1479.0260119589511,,1479.0211372089107,1479.0260119589511,0.002861957997083664,1479.5239364590961,1479.5239364590961,1479.5239364590961,1479.5239364590961,1479.6117314170115,1484.0147518340964,[np.float64(-0.11777777777777777)],[np.float64(-0.39222222222222225)],[1],[0],[0],[4.992876625154167],['submit_text'],chicken,P4,001,2025-11-14_16h47.39.541,untitled,,2025.1.1,120.99140373053115,2025-11-14 16h48.23.399584 +0530,
related ,floor,tile,t_l_,0.4,tile,0.9,88,88,0,[np.float64(-0.11777777777777777)],[np.float64(-0.39222222222222225)],[1],[0],[0],[3.116156250005588],['submit_text'],tale,0,88,88,29,1484.0262720840983,,1484.0183355000336,1484.0262720840983,0.003487125039100647,1484.514312458923,1484.514312458923,1484.514312458923,1484.5262663341127,1484.9095430839807,1487.1352629999164,[np.float64(-0.11777777777777777)],[np.float64(-0.39222222222222225)],[1],[0],[0],[3.116156250005588],['submit_text'],tale,P4,001,2025-11-14_16h47.39.541,untitled,,2025.1.1,120.99140373053115,2025-11-14 16h48.23.399584 +0530,
related ,crayons,colour,c_l_u_,0.1,colour,0.6,89,89,0,[np.float64(-0.11777777777777777)],[np.float64(-0.39222222222222225)],[1],[0],[0],[0.21311154193244874],['submit_text'],,0,89,89,46,1487.1589453751221,,1487.1382317920215,1487.1589453751221,0.0028915840666741133,,,,,,1487.3524695420638,[np.float64(-0.11777777777777777)],[np.float64(-0.39222222222222225)],[1],[0],[0],[0.21311154193244874],['submit_text'],,P4,001,2025-11-14_16h47.39.541,untitled,,2025.1.1,120.99140373053115,2025-11-14 16h48.23.399584 +0530,
related ,farmer,crop,c__p,0.1,crop,0.6,90,90,0,[np.float64(-0.11777777777777777)],[np.float64(-0.39222222222222225)],[1],[0],[0],[4.686220458941534],['submit_text'],crop,0,90,90,14,1487.3640808339696,,1487.357543334132,1487.3640808339696,0.0049079591408371925,1487.857696250081,1487.857696250081,1487.857696250081,1487.8698778341059,1487.9458324590232,1492.0445372089744,[np.float64(-0.11777777777777777)],[np.float64(-0.39222222222222225)],[1],[0],[0],[4.686220458941534],['submit_text'],crop,P4,001,2025-11-14_16h47.39.541,untitled,,2025.1.1,120.99140373053115,2025-11-14 16h48.23.399584 +0530,
related ,computer,machine,m_c__n_,0.1,machine,0.6,91,91,0,[np.float64(-0.11777777777777777)],[np.float64(-0.39222222222222225)],[1],[0],[0],[0.20342329097911716],['submit_text'],,0,91,91,12,1492.0549159590155,,1492.0486164591275,1492.0549159590155,0.003973082872107625,,,,,,1492.2531859169248,[np.float64(-0.11777777777777777)],[np.float64(-0.39222222222222225)],[1],[0],[0],[0.20342329097911716],['submit_text'],,P4,001,2025-11-14_16h47.39.541,untitled,,2025.1.1,120.99140373053115,2025-11-14 16h48.23.399584 +0530,
unrelated ,skeleton,drawer,d_a_e_,0.1,drawer,0.6,92,92,0,[np.float64(-0.11777777777777777)],[np.float64(-0.39222222222222225)],[1],[0],[0],[24.917710667010397],['submit_text'],drawer,0,92,92,85,1492.265186709119,,1492.2589833340608,1492.265186709119,0.005634458037093282,1492.7583476249129,1492.7583476249129,1492.7583476249129,1492.7714460839052,1492.8488074589986,1517.1775324170012,[np.float64(-0.11777777777777777)],[np.float64(-0.39222222222222225)],[1],[0],[0],[24.917710667010397],['submit_text'],drawer,P4,001,2025-11-14_16h47.39.541,untitled,,2025.1.1,120.99140373053115,2025-11-14 16h48.23.399584 +0530,
unrelated ,charger,dinner,d_n_e_,0.4,dinner,0.9,93,93,0,[np.float64(-0.11777777777777777)],[np.float64(-0.39222222222222225)],[1],[0],[0],[13.987188250059262],['submit_text'],dumbness,0,93,93,110,1517.1871275841258,,1517.1815593340434,1517.1871275841258,0.003913541790097952,1517.6813985840417,1517.6813985840417,1517.6813985840417,1517.6934467500541,1518.0688252500258,1531.1694998750463,[np.float64(-0.11777777777777777)],[np.float64(-0.39222222222222225)],[1],[0],[0],[13.987188250059262],['submit_text'],dumbness,P4,001,2025-11-14_16h47.39.541,untitled,,2025.1.1,120.99140373053115,2025-11-14 16h48.23.399584 +0530,
unrelated ,bag ,biscuit,b_sc_i_,0.4,biscuit,0.9,94,94,0,[np.float64(-0.11777777777777777)],[np.float64(-0.39222222222222225)],[1],[0],[0],[8.980395291931927],['submit_text'],biscuit,0,94,94,64,1531.1939057090785,,1531.1724473750219,1531.1939057090785,0.002866542199626565,1531.6760905419942,1531.6760905419942,1531.6760905419942,1531.7005957500078,1532.0680966249201,1540.1536042499356,[np.float64(-0.11777777777777777)],[np.float64(-0.39222222222222225)],[1],[0],[0],[8.980395291931927],['submit_text'],biscuit,P4,001,2025-11-14_16h47.39.541,untitled,,2025.1.1,120.99140373053115,2025-11-14 16h48.23.399584 +0530,
unrelated ,lantern,giant,g_a_t,0.4,giant,0.9,95,95,0,[np.float64(-0.10555555555555556)],[np.float64(-0.4011111111111111)],[1],[0],[0],[6.830828457837924],['submit_text'],giant,0,95,95,118,1540.1622687920462,,1540.15652029193,1540.1622687920462,0.0028402500320225954,1540.659632917028,1540.659632917028,1540.659632917028,1540.6725335840601,1541.060543749947,1546.988097375026,[np.float64(-0.10555555555555556)],[np.float64(-0.4011111111111111)],[1],[0],[0],[6.830828457837924],['submit_text'],giant,P4,001,2025-11-14_16h47.39.541,untitled,,2025.1.1,120.99140373053115,2025-11-14 16h48.23.399584 +0530,
unrelated ,guitar,grid,g__d,0.4,grid,0.9,96,96,0,[np.float64(-0.10555555555555556)],[np.float64(-0.4)],[1],[0],[0],[4.2934587500058115],['submit_text'],good,0,96,96,86,1546.9967367090285,,1546.99124699994,1546.9967367090285,0.003063082927837968,1547.492356291972,1547.492356291972,1547.492356291972,1547.504757042043,1547.8850972091313,1551.2854407920968,[np.float64(-0.10555555555555556)],[np.float64(-0.4)],[1],[0],[0],[4.2934587500058115],['submit_text'],good,P4,001,2025-11-14_16h47.39.541,untitled,,2025.1.1,120.99140373053115,2025-11-14 16h48.23.399584 +0530,
unrelated ,media,hair,h__r,0.1,hair,0.6,97,97,0,[np.float64(-0.10555555555555556)],[np.float64(-0.4)],[1],[0],[0],[6.993413625052199],['submit_text'],hair,0,97,97,75,1551.2933427500539,,1551.2880705001298,1551.2933427500539,0.0025565000250935555,1551.793356209062,1551.793356209062,1551.793356209062,1551.793356209062,1551.888362500118,1558.282258250052,[np.float64(-0.10555555555555556)],[np.float64(-0.4)],[1],[0],[0],[6.993413625052199],['submit_text'],hair,P4,001,2025-11-14_16h47.39.541,untitled,,2025.1.1,120.99140373053115,2025-11-14 16h48.23.399584 +0530,
related ,bed,pillow,p_l_ow,0.1,pillow,0.6,98,98,0,[np.float64(-0.11555555555555555)],[np.float64(-0.4088888888888889)],[1],[0],[0],[5.03424816718325],['submit_text'],pillow,0,98,98,44,1558.2941075419076,,1558.2858251249418,1558.2941075419076,0.0034705421421676874,1558.7822351669893,1558.7822351669893,1558.7822351669893,1558.794831499923,1558.8865620419383,1563.3209539169911,[np.float64(-0.11555555555555555)],[np.float64(-0.4088888888888889)],[1],[0],[0],[5.03424816718325],['submit_text'],pillow,P4,001,2025-11-14_16h47.39.541,untitled,,2025.1.1,120.99140373053115,2025-11-14 16h48.23.399584 +0530,
unrelated ,dust,soft,s__t,0.1,soft,0.6,99,99,0,[np.float64(-0.12222222222222222)],[np.float64(-0.4)],[1],[0],[0],[9.745642582885921],['submit_text'],spot,0,99,99,87,1563.330592750106,,1563.3244255420286,1563.330592750106,0.0033627920784056187,1563.8271548750345,1563.8271548750345,1563.8271548750345,1563.839679250028,1563.920610833913,1573.0708875840064,[np.float64(-0.12222222222222222)],[np.float64(-0.4)],[1],[0],[0],[9.745642582885921],['submit_text'],spot,P4,001,2025-11-14_16h47.39.541,untitled,,2025.1.1,120.99140373053115,2025-11-14 16h48.23.399584 +0530,
unrelated ,electron,chart,c_a_t,0.4,chart,0.9,100,100,0,[np.float64(-0.12222222222222222)],[np.float64(-0.4)],[1],[0],[0],[0.22944054217077792],['submit_text'],,0,100,100,98,1573.0796384171117,,1573.0738298750948,1573.0796384171117,0.0028672090265899897,,,,,,1573.3042630839627,[np.float64(-0.12222222222222222)],[np.float64(-0.4)],[1],[0],[0],[0.22944054217077792],['submit_text'],,P4,001,2025-11-14_16h47.39.541,untitled,,2025.1.1,120.99140373053115,2025-11-14 16h48.23.399584 +0530,
unrelated ,movie,file,f__e,0.1,file,0.6,101,101,0,[np.float64(-0.12222222222222222)],[np.float64(-0.4)],[1],[0],[0],[9.0230751670897],['submit_text'],file,0,101,101,69,1573.3153971249703,,1573.3091855419334,1573.3153971249703,0.004791832994669676,1573.8103846251033,1573.8103846251033,1573.8103846251033,1573.8234619589057,1573.904561250005,1582.3330761669204,[np.float64(-0.12222222222222222)],[np.float64(-0.4)],[1],[0],[0],[9.0230751670897],['submit_text'],file,P4,001,2025-11-14_16h47.39.541,untitled,,2025.1.1,120.99140373053115,2025-11-14 16h48.23.399584 +0530,
related ,playground ,slides ,s_i_e_,0.1,slides,0.6,102,102,0,[np.float64(-0.12222222222222222)],[np.float64(-0.4)],[1],[0],[0],[6.5168279588688165],['submit_text'],slides,0,102,102,4,1582.343887124909,,1582.3375455420464,1582.343887124909,0.004373291041702032,1582.8329546249006,1582.8329546249006,1582.8329546249006,1582.861489709001,1582.944892999949,1588.8552351670805,[np.float64(-0.12222222222222222)],[np.float64(-0.4)],[1],[0],[0],[6.5168279588688165],['submit_text'],slides,P4,001,2025-11-14_16h47.39.541,untitled,,2025.1.1,120.99140373053115,2025-11-14 16h48.23.399584 +0530,
related ,butter,bread ,b_e_d,0.4,bread,0.9,103,103,0,[np.float64(-0.12222222222222222)],[np.float64(-0.4)],[1],[0],[0],[2.6467378330416977],['submit_text'],bread,0,103,103,21,1588.8638687920757,,1588.858735542046,1588.8638687920757,0.003405041992664337,1589.3602336249314,1589.3602336249314,1589.3602336249314,1589.3728718340863,1589.7526281250175,1591.506360416999,[np.float64(-0.12222222222222222)],[np.float64(-0.4)],[1],[0],[0],[2.6467378330416977],['submit_text'],bread,P4,001,2025-11-14_16h47.39.541,untitled,,2025.1.1,120.99140373053115,2025-11-14 16h48.23.399584 +0530,
related ,kitchen,stove,s_o_e,0.1,stove,0.6,104,104,0,[np.float64(-0.12222222222222222)],[np.float64(-0.4)],[1],[0],[0],[3.66988508310169],['submit_text'],shole,0,104,104,8,1591.5153421249706,,1591.510036374908,1591.5153421249706,0.003562541911378503,1592.010382791981,1592.010382791981,1592.010382791981,1592.0229094999377,1592.1112992919516,1595.1808213340119,[np.float64(-0.12222222222222222)],[np.float64(-0.4)],[1],[0],[0],[3.66988508310169],['submit_text'],shole,P4,001,2025-11-14_16h47.39.541,untitled,,2025.1.1,120.99140373053115,2025-11-14 16h48.23.399584 +0530,
unrelated ,popcorn,nails,n_i_s,0.4,nails,0.9,105,105,0,[np.float64(-0.12222222222222222)],[np.float64(-0.4)],[1],[0],[0],[5.634784499881789],['submit_text'],nails,0,105,105,70,1595.1947525839787,,1595.1850928340573,1595.1947525839787,0.004159332951530814,1595.682801167015,1595.682801167015,1595.682801167015,1595.6951454589143,1596.077635084046,1600.8206822499633,[np.float64(-0.12222222222222222)],[np.float64(-0.4)],[1],[0],[0],[5.634784499881789],['submit_text'],nails,P4,001,2025-11-14_16h47.39.541,untitled,,2025.1.1,120.99140373053115,2025-11-14 16h48.23.399584 +0530,
unrelated ,hammer,fan,f_n,0.1,fan,0.6,106,106,0,[np.float64(-0.12222222222222222)],[np.float64(-0.4)],[1],[0],[0],[0.24739512498490512],['submit_text'],,0,106,106,119,1600.828252583975,,1600.823314209003,1600.828252583975,0.0025544168893247843,,,,,,1601.0718981670216,[np.float64(-0.12222222222222222)],[np.float64(-0.4)],[1],[0],[0],[0.24739512498490512],['submit_text'],,P4,001,2025-11-14_16h47.39.541,untitled,,2025.1.1,120.99140373053115,2025-11-14 16h48.23.399584 +0530,
related ,cake,birthday,b_r_h_a_,0.4,birthday,0.9,107,107,0,[np.float64(-0.12222222222222222)],[np.float64(-0.3977777777777778)],[1],[0],[0],[6.042541542090476],['submit_text'],birthday,0,107,107,55,1601.083161167102,,1601.0767267919146,1601.083161167102,0.004667249973863363,1601.5767322499305,1601.5767322499305,1601.5767322499305,1601.5895330419298,1601.9697330840863,1607.1200335840695,[np.float64(-0.12222222222222222)],[np.float64(-0.3977777777777778)],[1],[0],[0],[6.042541542090476],['submit_text'],birthday,P4,001,2025-11-14_16h47.39.541,untitled,,2025.1.1,120.99140373053115,2025-11-14 16h48.23.399584 +0530,
unrelated ,bird,fan,f_n,0.1,fan,0.6,108,108,0,[np.float64(-0.12222222222222222)],[np.float64(-0.3977777777777778)],[1],[0],[0],[0.18190470803529024],['submit_text'],,0,108,108,67,1607.1273942089174,,1607.122360083973,1607.1273942089174,0.002255041152238846,,,,,,1607.3052259590477,[np.float64(-0.12222222222222222)],[np.float64(-0.3977777777777778)],[1],[0],[0],[0.18190470803529024],['submit_text'],,P4,001,2025-11-14_16h47.39.541,untitled,,2025.1.1,120.99140373053115,2025-11-14 16h48.23.399584 +0530,
related ,sky,cloud,c_o_d,0.1,cloud,0.6,109,109,0,[np.float64(-0.12222222222222222)],[np.float64(-0.4022222222222222)],[1],[0],[0],[2.8944303328171372],['submit_text'],chord,0,109,109,48,1607.3160050839651,,1607.3092542500235,1607.3160050839651,0.003908124985173345,1607.8106426671147,1607.8106426671147,1607.8106426671147,1607.8237609169446,1607.905002667103,1610.2044474170543,[np.float64(-0.12222222222222222)],[np.float64(-0.4022222222222222)],[1],[0],[0],[2.8944303328171372],['submit_text'],chord,P4,001,2025-11-14_16h47.39.541,untitled,,2025.1.1,120.99140373053115,2025-11-14 16h48.23.399584 +0530,
unrelated ,missile,roses,r_s_s,0.4,roses,0.9,110,110,0,[np.float64(-0.12222222222222222)],[np.float64(-0.4022222222222222)],[1],[0],[0],[5.056677625048906],['submit_text'],roses,0,110,110,84,1610.2118958749343,,1610.206929875072,1610.2118958749343,0.00241516693495214,1610.710828667041,1610.710828667041,1610.710828667041,1610.710828667041,1611.1042625419796,1615.264299459057,[np.float64(-0.12222222222222222)],[np.float64(-0.4022222222222222)],[1],[0],[0],[5.056677625048906],['submit_text'],roses,P4,001,2025-11-14_16h47.39.541,untitled,,2025.1.1,120.99140373053115,2025-11-14 16h48.23.399584 +0530,
related ,knife,chop,c__p,0.1,chop,0.6,111,111,0,[np.float64(-0.12222222222222222)],[np.float64(-0.4022222222222222)],[1],[0],[0],[6.686994666000828],['submit_text'],chop,0,111,111,58,1615.2785967919044,,1615.267552458914,1615.2785967919044,0.0031651658937335014,1615.7678122920915,1615.7678122920915,1615.7678122920915,1615.78127816692,1615.8613759591244,1621.9553388340864,[np.float64(-0.12222222222222222)],[np.float64(-0.4022222222222222)],[1],[0],[0],[6.686994666000828],['submit_text'],chop,P4,001,2025-11-14_16h47.39.541,untitled,,2025.1.1,120.99140373053115,2025-11-14 16h48.23.399584 +0530,
unrelated ,wallet,pizza,p_z_a,0.4,pizza,0.9,112,112,0,[np.float64(-0.12222222222222222)],[np.float64(-0.4022222222222222)],[1],[0],[0],[2.8283087911549956],['submit_text'],pizza,0,112,112,116,1621.964534250088,,1621.9590904589277,1621.964534250088,0.003667083103209734,1622.4603627501056,1622.4603627501056,1622.4603627501056,1622.4727898340207,1622.8791324170306,1624.7881905001123,[np.float64(-0.12222222222222222)],[np.float64(-0.4022222222222222)],[1],[0],[0],[2.8283087911549956],['submit_text'],pizza,P4,001,2025-11-14_16h47.39.541,untitled,,2025.1.1,120.99140373053115,2025-11-14 16h48.23.399584 +0530,
related ,cash,money,m_n_y,0.4,money,0.9,113,113,0,[np.float64(-0.12222222222222222)],[np.float64(-0.4022222222222222)],[1],[0],[0],[2.6792489578947425],['submit_text'],money,0,113,113,51,1624.8119270419702,,1624.790710875066,1624.8119270419702,0.0024470000062137842,1625.2947965420317,1625.2947965420317,1625.2947965420317,1625.3074711670633,1625.6820141249336,1627.4706897919532,[np.float64(-0.12222222222222222)],[np.float64(-0.4022222222222222)],[1],[0],[0],[2.6792489578947425],['submit_text'],money,P4,001,2025-11-14_16h47.39.541,untitled,,2025.1.1,120.99140373053115,2025-11-14 16h48.23.399584 +0530,
unrelated ,perfume,blanket,b_an__e_,0.1,blanket,0.6,114,114,0,[np.float64(-0.12555555555555556)],[np.float64(-0.4111111111111111)],[1],[0],[0],[16.34902466693893],['submit_text'],blanket,0,114,114,91,1627.478702292079,,1627.4737329999916,1627.478702292079,0.0029668749775737524,1627.9785680000205,1627.9785680000205,1627.9785680000205,1627.9785680000205,1628.072385000065,1643.823654459091,[np.float64(-0.12555555555555556)],[np.float64(-0.4111111111111111)],[1],[0],[0],[16.34902466693893],['submit_text'],blanket,P4,001,2025-11-14_16h47.39.541,untitled,,2025.1.1,120.99140373053115,2025-11-14 16h48.23.399584 +0530,
unrelated ,laptop ,pouch ,p_u_h,0.1,pouch ,0.6,115,115,0,[np.float64(-0.12555555555555556)],[np.float64(-0.4111111111111111)],[1],[0],[0],[8.276930082822219],['submit_text'],pouch,0,115,115,63,1643.8322808749508,,1643.8269772920758,1643.8322808749508,0.0032363329082727432,1644.327438791981,1644.327438791981,1644.327438791981,1644.3401967501268,1644.4294707500376,1652.104686625069,[np.float64(-0.12555555555555556)],[np.float64(-0.4111111111111111)],[1],[0],[0],[8.276930082822219],['submit_text'],pouch,P4,001,2025-11-14_16h47.39.541,untitled,,2025.1.1,120.99140373053115,2025-11-14 16h48.23.399584 +0530,
related ,sunny,warm,w__m,0.4,warm,0.9,116,116,0,[np.float64(-0.12555555555555556)],[np.float64(-0.4111111111111111)],[1],[0],[0],[3.5812396248802543],['submit_text'],warm,0,116,116,17,1652.112237292109,,1652.1072031669319,1652.112237292109,0.0024328751023858786,1652.6112939589657,1652.6112939589657,1652.6112939589657,1652.6112939589657,1653.012886625016,1655.6891680839472,[np.float64(-0.12555555555555556)],[np.float64(-0.4111111111111111)],[1],[0],[0],[3.5812396248802543],['submit_text'],warm,P4,001,2025-11-14_16h47.39.541,untitled,,2025.1.1,120.99140373053115,2025-11-14 16h48.23.399584 +0530,
related ,fruit,mango,m_n_o,0.1,mango,0.6,117,117,0,[np.float64(-0.12555555555555556)],[np.float64(-0.4088888888888889)],[1],[0],[0],[7.182127041975036],['submit_text'],mango,0,117,117,50,1655.7123127500527,,1655.6917939169798,1655.7123127500527,0.0025557500775903463,1656.1954256249592,1656.1954256249592,1656.1954256249592,1656.2078862919006,1656.284466125071,1662.8748366669752,[np.float64(-0.12555555555555556)],[np.float64(-0.4088888888888889)],[1],[0],[0],[7.182127041975036],['submit_text'],mango,P4,001,2025-11-14_16h47.39.541,untitled,,2025.1.1,120.99140373053115,2025-11-14 16h48.23.399584 +0530,
unrelated ,breakfast,dustbin,d_s_b_n,0.1,dustbin,0.6,118,118,0,[np.float64(-0.12555555555555556)],[np.float64(-0.4088888888888889)],[1],[0],[0],[0.17471783398650587],['submit_text'],,0,118,118,113,1662.884468958946,,1662.8789885421284,1662.884468958946,0.003988875076174736,,,,,,1663.0547474171035,[np.float64(-0.12555555555555556)],[np.float64(-0.4088888888888889)],[1],[0],[0],[0.17471783398650587],['submit_text'],,P4,001,2025-11-14_16h47.39.541,untitled,,2025.1.1,120.99140373053115,2025-11-14 16h48.23.399584 +0530,
related ,mall,store,s_o_e,0.4,store,0.9,119,119,0,[np.float64(-0.12555555555555556)],[np.float64(-0.4088888888888889)],[1],[0],[0],[7.10449487506412],['submit_text'],store,0,119,119,31,1663.066570875002,,1663.0593960420229,1663.066570875002,0.004514917032793164,1663.5615362089593,1663.5615362089593,1663.5615362089593,1663.5737995419186,1663.9555754589383,1670.1648836249951,[np.float64(-0.12555555555555556)],[np.float64(-0.4088888888888889)],[1],[0],[0],[7.10449487506412],['submit_text'],store,P4,001,2025-11-14_16h47.39.541,untitled,,2025.1.1,120.99140373053115,2025-11-14 16h48.23.399584 +0530,
