study_word,thisN,thisTrialN,thisRepN,slider.response,slider.rt,test_word,Reference,old_new,textbox.text,mouse.x,mouse.y,mouse.leftButton,mouse.midButton,mouse.rightButton,mouse.time,mouse.clicked_name,trials.thisRepN,trials.thisTrialN,trials.thisN,trials.thisIndex,trials_2.thisRepN,trials_2.thisTrialN,trials_2.thisN,trials_2.thisIndex,thisRow.t,notes,trial.started,StudyText.started,slider.started,trial.stopped,trials.slider.response,trials.slider.rt,StudyText.stopped,test.started,text_2.started,textbox.started,text_3.started,mouse.started,test.stopped,trials_2.textbox.text,trials_2.mouse.x,trials_2.mouse.y,trials_2.mouse.leftButton,trials_2.mouse.midButton,trials_2.mouse.rightButton,trials_2.mouse.time,trials_2.mouse.clicked_name,participant,session,date,expName,expVersion,psychopyVersion,frameRate,expStart,
T-shirt ,0,0,0,1.28,2.7026296668918803,,,,,,,,,,,,0,0,0,7,,,,,0.08083333307877183,,0.05912600003648549,0.08083333307877183,0.08083333307877183,2.7737025000387803,1.28,2.7026296668918803,,,,,,,,,,,,,,,,p4,001,2025-10-16_01h28.02.025,Word priming experiment,,2025.1.1,120.07150176787692,2025-10-16 01h28.09.871163 +0530,
chart ,1,1,0,1.28,0.9391087919939309,,,,,,,,,,,,0,1,1,6,,,,,2.7842561670113355,,2.7765544169815257,2.7842561670113355,2.7842561670113355,3.723410499980673,1.28,0.9391087919939309,,,,,,,,,,,,,,,,p4,001,2025-10-16_01h28.02.025,Word priming experiment,,2025.1.1,120.07150176787692,2025-10-16 01h28.09.871163 +0530,
board ,2,2,0,1.28,0.8396428750129417,,,,,,,,,,,,0,2,2,4,,,,,3.7337445419980213,,3.726161167025566,3.7337445419980213,3.7337445419980213,4.59020016703289,1.28,0.8396428750129417,,,,,,,,,,,,,,,,p4,001,2025-10-16_01h28.02.025,Word priming experiment,,2025.1.1,120.07150176787692,2025-10-16 01h28.09.871163 +0530,
phone ,3,3,0,1.28,1.4098625830374658,,,,,,,,,,,,0,3,3,2,,,,,4.606684333062731,,4.593599083018489,4.606684333062731,4.606684333062731,6.012428708025254,1.28,1.4098625830374658,,,,,,,,,,,,,,,,p4,001,2025-10-16_01h28.02.025,Word priming experiment,,2025.1.1,120.07150176787692,2025-10-16 01h28.09.871163 +0530,
marble ,4,4,0,1.28,9.306309333071113,,,,,,,,,,,,0,4,4,3,,,,,6.023956250050105,,6.015183708048426,6.023956250050105,6.023956250050105,15.330866542062722,1.28,9.306309333071113,14.040451667038724,,,,,,,,,,,,,,,p4,001,2025-10-16_01h28.02.025,Word priming experiment,,2025.1.1,120.07150176787692,2025-10-16 01h28.09.871163 +0530,
mouse ,5,5,0,1.28,3.111256832955405,,,,,,,,,,,,0,5,5,8,,,,,15.343626499990933,,15.334647541982122,15.343626499990933,15.343626499990933,18.456767791998573,1.28,3.111256832955405,,,,,,,,,,,,,,,,p4,001,2025-10-16_01h28.02.025,Word priming experiment,,2025.1.1,120.07150176787692,2025-10-16 01h28.09.871163 +0530,
Pastry ,6,6,0,1.28,4.9684901249129325,,,,,,,,,,,,0,6,6,9,,,,,18.46920599997975,,18.46063937502913,18.46920599997975,18.46920599997975,23.440741416998208,1.28,4.9684901249129325,,,,,,,,,,,,,,,,p4,001,2025-10-16_01h28.02.025,Word priming experiment,,2025.1.1,120.07150176787692,2025-10-16 01h28.09.871163 +0530,
Poster ,7,7,0,1.28,9.027388541959226,,,,,,,,,,,,0,7,7,14,,,,,23.452128750039265,,23.44321908301208,23.452128750039265,23.452128750039265,32.47990050003864,1.28,9.027388541959226,31.457805791986175,,,,,,,,,,,,,,,p4,001,2025-10-16_01h28.02.025,Word priming experiment,,2025.1.1,120.07150176787692,2025-10-16 01h28.09.871163 +0530,
Case ,8,8,0,1.28,0.9968324579531327,,,,,,,,,,,,0,8,8,10,,,,,32.507313832989894,,32.48251004202757,32.507313832989894,32.507313832989894,33.490921917022206,1.28,0.9968324579531327,,,,,,,,,,,,,,,,p4,001,2025-10-16_01h28.02.025,Word priming experiment,,2025.1.1,120.07150176787692,2025-10-16 01h28.09.871163 +0530,
cushion ,9,9,0,1.28,0.5740996249951422,,,,,,,,,,,,0,9,9,1,,,,,33.50152662501205,,33.49339079204947,33.50152662501205,33.50152662501205,34.09112320805434,1.28,0.5740996249951422,,,,,,,,,,,,,,,,p4,001,2025-10-16_01h28.02.025,Word priming experiment,,2025.1.1,120.07150176787692,2025-10-16 01h28.09.871163 +0530,
Cruise ,10,10,0,1.28,0.5404598750174046,,,,,,,,,,,,0,10,10,11,,,,,34.1075551250251,,34.09310037503019,34.1075551250251,34.1075551250251,34.65784220804926,1.28,0.5404598750174046,,,,,,,,,,,,,,,,p4,001,2025-10-16_01h28.02.025,Word priming experiment,,2025.1.1,120.07150176787692,2025-10-16 01h28.09.871163 +0530,
Police ,11,11,0,1.28,0.44011158298235387,,,,,,,,,,,,0,11,11,12,,,,,34.67409025004599,,34.6597755830735,34.67409025004599,34.67409025004599,35.12453954201192,1.28,0.44011158298235387,,,,,,,,,,,,,,,,p4,001,2025-10-16_01h28.02.025,Word priming experiment,,2025.1.1,120.07150176787692,2025-10-16 01h28.09.871163 +0530,
Keys ,12,12,0,1.28,0.4228042910108343,,,,,,,,,,,,0,12,12,13,,,,,35.140642957994714,,35.12717824999709,35.140642957994714,35.140642957994714,35.57442354201339,1.28,0.4228042910108343,,,,,,,,,,,,,,,,p4,001,2025-10-16_01h28.02.025,Word priming experiment,,2025.1.1,120.07150176787692,2025-10-16 01h28.09.871163 +0530,
book,13,13,0,1.28,0.4231332920026034,,,,,,,,,,,,0,13,13,0,,,,,35.59073341707699,,35.57620174996555,35.59073341707699,35.59073341707699,36.00717362505384,1.28,0.4231332920026034,,,,,,,,,,,,,,,,p4,001,2025-10-16_01h28.02.025,Word priming experiment,,2025.1.1,120.07150176787692,2025-10-16 01h28.09.871163 +0530,
laptop,14,14,0,1.28,0.9913073340430856,,,,,,,,,,,,0,14,14,5,,,,,36.016887583071366,,36.009090583072975,36.016887583071366,36.016887583071366,37.02461662504356,1.28,0.9913073340430856,,,,,,,,,,,,,,,,p4,001,2025-10-16_01h28.02.025,Word priming experiment,,2025.1.1,120.07150176787692,2025-10-16 01h28.09.871163 +0530,
,0,0,0,,,C_s_,Case ,old,case,[np.float64(-0.02666666666666667)],[np.float64(-0.31222222222222223)],[1],[0],[0],[6.17321008304134],['text_3'],,,,,0,0,0,5,37.06243991700467,,,,,,,,,37.05275366699789,37.06243991700467,37.06243991700467,37.06243991700467,0.028135625063441694,43.22617883305065,case,[np.float64(-0.02666666666666667)],[np.float64(-0.31222222222222223)],[1],[0],[0],[6.17321008304134],['text_3'],p4,001,2025-10-16_01h28.02.025,Word priming experiment,,2025.1.1,120.07150176787692,2025-10-16 01h28.09.871163 +0530,
,1,1,0,,,p_nc_l,Pencil ,new,pencil,[np.float64(0.02)],[np.float64(-0.3055555555555556)],[1],[0],[0],[4.17011854192242],['text_3'],,,,,0,1,1,16,43.241152917034924,,,,,,,,,43.22955887496937,43.241152917034924,43.241152917034924,43.241152917034924,0.003166374983265996,47.39992962498218,pencil,[np.float64(0.02)],[np.float64(-0.3055555555555556)],[1],[0],[0],[4.17011854192242],['text_3'],p4,001,2025-10-16_01h28.02.025,Word priming experiment,,2025.1.1,120.07150176787692,2025-10-16 01h28.09.871163 +0530,
,2,2,0,,,P_st_r,Poster ,old,poster,[np.float64(0.02)],[np.float64(-0.3055555555555556)],[1],[0],[0],[5.4222290409961715],['text_3'],,,,,0,2,2,9,47.41341104207095,,,,,,,,,47.403023374965414,47.41341104207095,47.41341104207095,47.41341104207095,0.002936333999969065,52.825526291970164,poster,[np.float64(0.02)],[np.float64(-0.3055555555555556)],[1],[0],[0],[5.4222290409961715],['text_3'],p4,001,2025-10-16_01h28.02.025,Word priming experiment,,2025.1.1,120.07150176787692,2025-10-16 01h28.09.871163 +0530,
,3,3,0,,,_ou_e,Mouse ,old,"house
",[np.float64(0.07777777777777778)],[np.float64(-0.3244444444444444)],[1],[0],[0],[12.68941408302635],['text_3'],,,,,0,3,3,3,52.84292900003493,,,,,,,,,52.82957579207141,52.84292900003493,52.84292900003493,52.84292900003493,0.003879041993059218,65.51931758306455,"house
",[np.float64(0.07777777777777778)],[np.float64(-0.3244444444444444)],[1],[0],[0],[12.68941408302635],['text_3'],p4,001,2025-10-16_01h28.02.025,Word priming experiment,,2025.1.1,120.07150176787692,2025-10-16 01h28.09.871163 +0530,
,4,4,0,,,P_li_e,Police ,old,police,[np.float64(0.07777777777777778)],[np.float64(-0.3244444444444444)],[1],[0],[0],[3.7113262499915436],['text_3'],,,,,0,4,4,7,65.53465337504167,,,,,,,,,65.52264191699214,65.53465337504167,65.53465337504167,65.53465337504167,0.0031712919007986784,69.23430975002702,police,[np.float64(0.07777777777777778)],[np.float64(-0.3244444444444444)],[1],[0],[0],[3.7113262499915436],['text_3'],p4,001,2025-10-16_01h28.02.025,Word priming experiment,,2025.1.1,120.07150176787692,2025-10-16 01h28.09.871163 +0530,
,5,5,0,,,_o_rd,Board ,old,board,[np.float64(0.07777777777777778)],[np.float64(-0.3244444444444444)],[1],[0],[0],[3.191982958931476],['text_3'],,,,,0,5,5,10,69.25019687507302,,,,,,,,,69.23789070802741,69.25019687507302,69.25019687507302,69.25019687507302,0.0034425840713083744,72.43018079199828,board,[np.float64(0.07777777777777778)],[np.float64(-0.3244444444444444)],[1],[0],[0],[3.191982958931476],['text_3'],p4,001,2025-10-16_01h28.02.025,Word priming experiment,,2025.1.1,120.07150176787692,2025-10-16 01h28.09.871163 +0530,
,6,6,0,,,l_pt_p,Laptop,old,laptop,[np.float64(0.07777777777777778)],[np.float64(-0.3244444444444444)],[1],[0],[0],[2.567906584008597],['text_3'],,,,,0,6,6,0,72.4459992920747,,,,,,,,,72.4338919169968,72.4459992920747,72.4459992920747,72.4459992920747,0.0035681669833138585,75.00211724999826,laptop,[np.float64(0.07777777777777778)],[np.float64(-0.3244444444444444)],[1],[0],[0],[2.567906584008597],['text_3'],p4,001,2025-10-16_01h28.02.025,Word priming experiment,,2025.1.1,120.07150176787692,2025-10-16 01h28.09.871163 +0530,
,7,7,0,,,K_y_,Keys ,old,keys,[np.float64(0.03888888888888889)],[np.float64(-0.3)],[1],[0],[0],[4.6474746249150485],['text_3'],,,,,0,7,7,8,75.0166627500439,,,,,,,,,75.00501983298454,75.0166627500439,75.0166627500439,75.0166627500439,0.0027364999987185,79.65281329199206,keys,[np.float64(0.03888888888888889)],[np.float64(-0.3)],[1],[0],[0],[4.6474746249150485],['text_3'],p4,001,2025-10-16_01h28.02.025,Word priming experiment,,2025.1.1,120.07150176787692,2025-10-16 01h28.09.871163 +0530,
,8,8,0,,,c_m_ra ,Camera ,new,camera,[np.float64(0.03888888888888889)],[np.float64(-0.3)],[1],[0],[0],[3.0802967079216614],['text_3'],,,,,0,8,8,19,79.66856595803984,,,,,,,,,79.65600149997044,79.66856595803984,79.66856595803984,79.66856595803984,0.003023874945938587,82.73662558302749,camera,[np.float64(0.03888888888888889)],[np.float64(-0.3)],[1],[0],[0],[3.0802967079216614],['text_3'],p4,001,2025-10-16_01h28.02.025,Word priming experiment,,2025.1.1,120.07150176787692,2025-10-16 01h28.09.871163 +0530,
,9,9,0,,,v_s_,Vase,new,vase,[np.float64(0.03888888888888889)],[np.float64(-0.3)],[1],[0],[0],[2.996024666936137],['text_3'],,,,,0,9,9,17,82.75425016705412,,,,,,,,,82.74154254200403,82.75425016705412,82.75425016705412,82.75425016705412,0.0047655419912189245,85.73794512497261,vase,[np.float64(0.03888888888888889)],[np.float64(-0.3)],[1],[0],[0],[2.996024666936137],['text_3'],p4,001,2025-10-16_01h28.02.025,Word priming experiment,,2025.1.1,120.07150176787692,2025-10-16 01h28.09.871163 +0530,
,10,10,0,,,c_s_io_,Cushion,old,cushion,[np.float64(0.03888888888888889)],[np.float64(-0.3)],[1],[0],[0],[3.737908084061928],['text_3'],,,,,0,10,10,14,85.75461787497625,,,,,,,,,85.74198325001635,85.75461787497625,85.75461787497625,85.75461787497625,0.0038323330227285624,89.48019941698294,cushion,[np.float64(0.03888888888888889)],[np.float64(-0.3)],[1],[0],[0],[3.737908084061928],['text_3'],p4,001,2025-10-16_01h28.02.025,Word priming experiment,,2025.1.1,120.07150176787692,2025-10-16 01h28.09.871163 +0530,
,11,11,0,,,ta_l_,Table ,new,table,[np.float64(0.03888888888888889)],[np.float64(-0.3)],[1],[0],[0],[3.06777708302252],['text_3'],,,,,0,11,11,15,89.4951019580476,,,,,,,,,89.48333608300891,89.4951019580476,89.4951019580476,89.4951019580476,0.0030130420345813036,92.55145133298356,table,[np.float64(0.03888888888888889)],[np.float64(-0.3)],[1],[0],[0],[3.06777708302252],['text_3'],p4,001,2025-10-16_01h28.02.025,Word priming experiment,,2025.1.1,120.07150176787692,2025-10-16 01h28.09.871163 +0530,
,12,12,0,,,_ho_e,Phone ,old,phone,[np.float64(0.03888888888888889)],[np.float64(-0.3)],[1],[0],[0],[4.20918054098729],['text_3'],,,,,0,12,12,12,92.56533866701648,,,,,,,,,92.55430375004653,92.56533866701648,92.56533866701648,92.56533866701648,0.0027097079437226057,96.76377937500365,phone,[np.float64(0.03888888888888889)],[np.float64(-0.3)],[1],[0],[0],[4.20918054098729],['text_3'],p4,001,2025-10-16_01h28.02.025,Word priming experiment,,2025.1.1,120.07150176787692,2025-10-16 01h28.09.871163 +0530,
,13,13,0,,,T_hi_t,T-shirt ,old,t-shirt,[np.float64(0.03888888888888889)],[np.float64(-0.3)],[1],[0],[0],[3.9201417500153184],['text_3'],,,,,0,13,13,2,96.7792052080622,,,,,,,,,96.76747704204172,96.7792052080622,96.7792052080622,96.7792052080622,0.0035454579629004,100.68796416698024,t-shirt,[np.float64(0.03888888888888889)],[np.float64(-0.3)],[1],[0],[0],[3.9201417500153184],['text_3'],p4,001,2025-10-16_01h28.02.025,Word priming experiment,,2025.1.1,120.07150176787692,2025-10-16 01h28.09.871163 +0530,
,14,14,0,,,bo_t_e ,Bottle,new,bottle,[np.float64(0.03888888888888889)],[np.float64(-0.3)],[1],[0],[0],[3.3623435829067603],['text_3'],,,,,0,14,14,18,100.70490675000474,,,,,,,,,100.691612042021,100.70490675000474,100.70490675000474,100.70490675000474,0.0035079160006716847,104.05433937499765,bottle,[np.float64(0.03888888888888889)],[np.float64(-0.3)],[1],[0],[0],[3.3623435829067603],['text_3'],p4,001,2025-10-16_01h28.02.025,Word priming experiment,,2025.1.1,120.07150176787692,2025-10-16 01h28.09.871163 +0530,
,15,15,0,,,_a_bl_,Marble ,old,marble,[np.float64(0.03888888888888889)],[np.float64(-0.3)],[1],[0],[0],[4.0017195420805365],['text_3'],,,,,0,15,15,11,104.07081833307166,,,,,,,,,104.05814674997237,104.07081833307166,104.07081833307166,104.07081833307166,0.0036721250507980585,108.06023104197811,marble,[np.float64(0.03888888888888889)],[np.float64(-0.3)],[1],[0],[0],[4.0017195420805365],['text_3'],p4,001,2025-10-16_01h28.02.025,Word priming experiment,,2025.1.1,120.07150176787692,2025-10-16 01h28.09.871163 +0530,
,16,16,0,,,P_st_y,Pastry ,old,pastry,[np.float64(0.03888888888888889)],[np.float64(-0.3)],[1],[0],[0],[2.7212886250345036],['text_3'],,,,,0,16,16,4,108.0764940000372,,,,,,,,,108.06409337499645,108.0764940000372,108.0764940000372,108.0764940000372,0.003703958005644381,110.78576937504113,pastry,[np.float64(0.03888888888888889)],[np.float64(-0.3)],[1],[0],[0],[2.7212886250345036],['text_3'],p4,001,2025-10-16_01h28.02.025,Word priming experiment,,2025.1.1,120.07150176787692,2025-10-16 01h28.09.871163 +0530,
,17,17,0,,,_ha_t ,Chart ,old,chart,[np.float64(0.03222222222222222)],[np.float64(-0.31222222222222223)],[1],[0],[0],[3.603959499974735],['text_3'],,,,,0,17,17,1,110.80072691699024,,,,,,,,,110.78931720799301,110.80072691699024,110.80072691699024,110.80072691699024,0.0034076670417562127,114.39362350001466,chart,[np.float64(0.03222222222222222)],[np.float64(-0.31222222222222223)],[1],[0],[0],[3.603959499974735],['text_3'],p4,001,2025-10-16_01h28.02.025,Word priming experiment,,2025.1.1,120.07150176787692,2025-10-16 01h28.09.871163 +0530,
,18,18,0,,,C_r_i_e ,Cruise ,old,cruise,[np.float64(0.03222222222222222)],[np.float64(-0.31222222222222223)],[1],[0],[0],[2.6056462499545887],['text_3'],,,,,0,18,18,6,114.4116568750469,,,,,,,,,114.39790004200768,114.4116568750469,114.4116568750469,114.4116568750469,0.004129749955609441,117.00396487500984,cruise,[np.float64(0.03222222222222222)],[np.float64(-0.31222222222222223)],[1],[0],[0],[2.6056462499545887],['text_3'],p4,001,2025-10-16_01h28.02.025,Word priming experiment,,2025.1.1,120.07150176787692,2025-10-16 01h28.09.871163 +0530,
,19,19,0,,,_oo_,Book,old,book,[np.float64(0.03222222222222222)],[np.float64(-0.31222222222222223)],[1],[0],[0],[7.361919166985899],['text_3'],,,,,0,19,19,13,117.01978325005621,,,,,,,,,117.00731400004588,117.01978325005621,117.01978325005621,117.01978325005621,0.0031946670496836305,124.3696262500016,book,[np.float64(0.03222222222222222)],[np.float64(-0.31222222222222223)],[1],[0],[0],[7.361919166985899],['text_3'],p4,001,2025-10-16_01h28.02.025,Word priming experiment,,2025.1.1,120.07150176787692,2025-10-16 01h28.09.871163 +0530,
