thisN,thisTrialN,thisRepN,key_resp.keys,key_resp.corr,key_resp.rt,key_resp.duration,tilt,trials.thisRepN,trials.thisTrialN,trials.thisN,trials.thisIndex,thisRow.t,notes,trial.started,Fixation.started,key_resp.started,Fixation.stopped,trial.stopped,trials.key_resp.keys,trials.key_resp.corr,trials.key_resp.rt,trials.key_resp.duration,trials.tilt,participant,session,date,expName,expVersion,psychopyVersion,frameRate,expStart,
0,0,0,down,1,6.2600064990110695,None,2,0,0,0,0,0.017239540989976376,,0.009363999997731298,0.017239540989976376,1.010914040991338,1.0159673749876674,7.504393165989313,down,1,6.2600064990110695,None,2,vinni,001,2025-09-10_15h06.11.089,Orientation discrimination task exp,,2025.1.1,119.78827421683415,2025-09-10 15h06.19.015995 +0530,
1,0,1,up,1,0.7608758750138804,None,0,1,0,1,0,7.576123999984702,,7.5045461659901775,7.576123999984702,8.497743665997405,8.569648750009947,9.26656079100212,up,1,0.7608758750138804,None,0,vinni,001,2025-09-10_15h06.11.089,Orientation discrimination task exp,,2025.1.1,119.78827421683415,2025-09-10 15h06.19.015995 +0530,
2,0,2,up,1,0.5712211659993045,None,0,2,0,2,0,9.279810499981977,,9.267187874997035,9.279810499981977,10.264330957987113,10.27027066599112,10.838124000001699,up,1,0.5712211659993045,None,0,vinni,001,2025-09-10_15h06.11.089,Orientation discrimination task exp,,2025.1.1,119.78827421683415,2025-09-10 15h06.19.015995 +0530,
3,0,3,up,1,0.5198776659963187,None,0,3,0,3,0,10.847536374989431,,10.838605041004485,10.847536374989431,11.837738041009288,11.837738041009288,12.366411124996375,up,1,0.5198776659963187,None,0,vinni,001,2025-09-10_15h06.11.089,Orientation discrimination task exp,,2025.1.1,119.78827421683415,2025-09-10 15h06.19.015995 +0530,
4,0,4,down,1,0.8813862910028547,None,4,4,0,4,0,12.375336416007485,,12.366900416003773,12.375336416007485,13.364387665991671,13.36978487498709,14.249902332987403,down,1,0.8813862910028547,None,4,vinni,001,2025-09-10_15h06.11.089,Orientation discrimination task exp,,2025.1.1,119.78827421683415,2025-09-10 15h06.19.015995 +0530,
5,0,5,down,1,0.48673908301861957,None,3,5,0,5,0,14.259600457997294,,14.250555040984182,14.259600457997294,15.247825333004585,15.254248624987667,15.738260290992912,down,1,0.48673908301861957,None,3,vinni,001,2025-09-10_15h06.11.089,Orientation discrimination task exp,,2025.1.1,119.78827421683415,2025-09-10 15h06.19.015995 +0530,
6,0,6,down,0,0.4947341659863014,None,0,6,0,6,0,15.747536957991542,,15.738792957999976,15.747536957991542,16.738928415987175,16.738928415987175,17.239813457999844,down,0,0.4947341659863014,None,0,vinni,001,2025-09-10_15h06.11.089,Orientation discrimination task exp,,2025.1.1,119.78827421683415,2025-09-10 15h06.19.015995 +0530,
7,0,7,down,1,0.4874670410063118,None,4,7,0,7,0,17.249977665982442,,17.24047716599307,17.249977665982442,18.238271332986187,18.247745458007557,18.73353841601056,down,1,0.4874670410063118,None,4,vinni,001,2025-09-10_15h06.11.089,Orientation discrimination task exp,,2025.1.1,119.78827421683415,2025-09-10 15h06.19.015995 +0530,
8,0,8,down,1,0.6104989159794059,None,1,8,0,8,0,18.743439124984434,,18.734210458002053,18.743439124984434,19.731158332986524,19.737074415985262,20.350101707997965,down,1,0.6104989159794059,None,1,vinni,001,2025-09-10_15h06.11.089,Orientation discrimination task exp,,2025.1.1,119.78827421683415,2025-09-10 15h06.19.015995 +0530,
9,0,9,down,1,0.7027891660109162,None,1,9,0,9,0,20.360039457998937,,20.35077900000033,20.360039457998937,21.34785816600197,21.353286833007587,22.055272875004448,down,1,0.7027891660109162,None,1,vinni,001,2025-09-10_15h06.11.089,Orientation discrimination task exp,,2025.1.1,119.78827421683415,2025-09-10 15h06.19.015995 +0530,
10,0,10,down,1,0.8613640819967259,None,-2,10,0,10,0,22.065263333002804,,22.055953250004677,22.065263333002804,23.055280750006204,23.055280750006204,23.923037540982477,down,1,0.8613640819967259,None,-2,vinni,001,2025-09-10_15h06.11.089,Orientation discrimination task exp,,2025.1.1,119.78827421683415,2025-09-10 15h06.19.015995 +0530,
11,0,11,down,1,0.44119974900968373,None,-5,11,0,11,0,23.93324458299321,,23.923660291009583,23.93324458299321,24.92263174999971,24.931127791001927,25.367495624988806,down,1,0.44119974900968373,None,-5,vinni,001,2025-09-10_15h06.11.089,Orientation discrimination task exp,,2025.1.1,119.78827421683415,2025-09-10 15h06.19.015995 +0530,
12,0,12,down,0,0.6419002499897033,None,0,12,0,12,0,25.3780523329915,,25.36825787500129,25.3780523329915,26.364601374982158,26.370953125006054,27.01656595800887,down,0,0.6419002499897033,None,0,vinni,001,2025-09-10_15h06.11.089,Orientation discrimination task exp,,2025.1.1,119.78827421683415,2025-09-10 15h06.19.015995 +0530,
13,0,13,up,1,0.5378031240252312,None,0,13,0,13,0,27.026069874991663,,27.017071290989406,27.026069874991663,28.014882791001583,28.020923457981553,28.55665458299336,up,1,0.5378031240252312,None,0,vinni,001,2025-09-10_15h06.11.089,Orientation discrimination task exp,,2025.1.1,119.78827421683415,2025-09-10 15h06.19.015995 +0530,
14,0,14,up,1,0.42387466598302126,None,0,14,0,14,0,28.56713591600419,,28.55712741598836,28.56713591600419,29.555951624992304,29.564420957991388,29.98330745799467,up,1,0.42387466598302126,None,0,vinni,001,2025-09-10_15h06.11.089,Orientation discrimination task exp,,2025.1.1,119.78827421683415,2025-09-10 15h06.19.015995 +0530,
15,0,15,down,0,0.5410912490042392,None,0,15,0,15,0,29.993358165986137,,29.983869582996704,29.993358165986137,30.98140979098389,30.98734016600065,31.53387300000759,down,0,0.5410912490042392,None,0,vinni,001,2025-09-10_15h06.11.089,Orientation discrimination task exp,,2025.1.1,119.78827421683415,2025-09-10 15h06.19.015995 +0530,
16,0,16,down,1,0.5040463329933118,None,-5,16,0,16,0,31.543446541007143,,31.534536958002718,31.543446541007143,32.53156050000689,32.5379972079827,33.03850500000408,down,1,0.5040463329933118,None,-5,vinni,001,2025-09-10_15h06.11.089,Orientation discrimination task exp,,2025.1.1,119.78827421683415,2025-09-10 15h06.19.015995 +0530,
17,0,17,down,1,0.5062033740105107,None,4,17,0,17,0,33.047969915991416,,33.039018332987325,33.047969915991416,34.03148400000646,34.03748866598471,34.55040529099642,down,1,0.5062033740105107,None,4,vinni,001,2025-09-10_15h06.11.089,Orientation discrimination task exp,,2025.1.1,119.78827421683415,2025-09-10 15h06.19.015995 +0530,
18,0,18,down,0,0.4808246659813449,None,0,18,0,18,0,34.56015891599236,,34.550926875002915,34.56015891599236,35.54816158299218,35.55491841598996,36.034184874995844,down,0,0.4808246659813449,None,0,vinni,001,2025-09-10_15h06.11.089,Orientation discrimination task exp,,2025.1.1,119.78827421683415,2025-09-10 15h06.19.015995 +0530,
19,0,19,down,0,0.6231578750011977,None,0,19,0,19,0,36.04616245799116,,36.034924457984744,36.04616245799116,37.03161487498437,37.03750149998814,37.65697412498412,down,0,0.6231578750011977,None,0,vinni,001,2025-09-10_15h06.11.089,Orientation discrimination task exp,,2025.1.1,119.78827421683415,2025-09-10 15h06.19.015995 +0530,
20,0,20,up,1,0.7698187080095522,None,0,20,0,20,0,37.66736570801004,,37.657602666004095,37.66736570801004,38.65593195799738,38.664769249997335,39.43429945799289,up,1,0.7698187080095522,None,0,vinni,001,2025-09-10_15h06.11.089,Orientation discrimination task exp,,2025.1.1,119.78827421683415,2025-09-10 15h06.19.015995 +0530,
21,0,21,down,1,0.7761569989961572,None,2,21,0,21,0,39.44409462498152,,39.43519241598551,39.44409462498152,40.431628040998476,40.437052916007815,41.217802833009046,down,1,0.7761569989961572,None,2,vinni,001,2025-09-10_15h06.11.089,Orientation discrimination task exp,,2025.1.1,119.78827421683415,2025-09-10 15h06.19.015995 +0530,
22,0,22,down,0,0.5995669580006506,None,0,22,0,22,0,41.22822545800591,,41.218594000005396,41.22822545800591,42.215149666008074,42.22149054100737,42.817301875009434,down,0,0.5995669580006506,None,0,vinni,001,2025-09-10_15h06.11.089,Orientation discrimination task exp,,2025.1.1,119.78827421683415,2025-09-10 15h06.19.015995 +0530,
23,0,23,up,1,0.9016061250003986,None,0,23,0,23,0,42.82840629099519,,42.818043125007534,42.82840629099519,43.815086165996036,43.82105962498463,44.72364662500331,up,1,0.9016061250003986,None,0,vinni,001,2025-09-10_15h06.11.089,Orientation discrimination task exp,,2025.1.1,119.78827421683415,2025-09-10 15h06.19.015995 +0530,
24,0,24,down,1,0.49780854099662974,None,-3,24,0,24,0,44.73363220799365,,44.724331000004895,44.73363220799365,45.723004790983396,45.731625165994046,46.223804540990386,down,1,0.49780854099662974,None,-3,vinni,001,2025-09-10_15h06.11.089,Orientation discrimination task exp,,2025.1.1,119.78827421683415,2025-09-10 15h06.19.015995 +0530,
25,0,25,down,1,0.9468748750223313,None,1,25,0,25,0,46.23445154100773,,46.22461999999359,46.23445154100773,47.222895040991716,47.23173441598192,48.173466999985976,down,1,0.9468748750223313,None,1,vinni,001,2025-09-10_15h06.11.089,Orientation discrimination task exp,,2025.1.1,119.78827421683415,2025-09-10 15h06.19.015995 +0530,
26,0,26,down,1,0.5403050000022631,None,2,26,0,26,0,48.198501874983776,,48.174082124984125,48.198501874983776,49.17256791598629,49.186894249985926,49.7177386659896,down,1,0.5403050000022631,None,2,vinni,001,2025-09-10_15h06.11.089,Orientation discrimination task exp,,2025.1.1,119.78827421683415,2025-09-10 15h06.19.015995 +0530,
27,0,27,up,1,1.0665712079789955,None,0,27,0,27,0,49.72862087498652,,49.71836774999974,49.72862087498652,50.715306333004264,50.7208035409858,51.78455008298624,up,1,1.0665712079789955,None,0,vinni,001,2025-09-10_15h06.11.089,Orientation discrimination task exp,,2025.1.1,119.78827421683415,2025-09-10 15h06.19.015995 +0530,
28,0,28,down,1,0.917738707998069,None,-2,28,0,28,0,51.79444954099017,,51.785251499997685,51.79444954099017,52.7819545409875,52.78787558298791,53.70584241600591,down,1,0.917738707998069,None,-2,vinni,001,2025-09-10_15h06.11.089,Orientation discrimination task exp,,2025.1.1,119.78827421683415,2025-09-10 15h06.19.015995 +0530,
29,0,29,down,1,0.771013873978518,None,3,29,0,29,0,53.71531554099056,,53.706397665984696,53.71531554099056,54.70583512500161,54.70583512500161,55.48474374998477,down,1,0.771013873978518,None,3,vinni,001,2025-09-10_15h06.11.089,Orientation discrimination task exp,,2025.1.1,119.78827421683415,2025-09-10 15h06.19.015995 +0530,
30,0,30,down,0,0.6399632070097141,None,0,30,0,30,0,55.49507991599967,,55.485348290996626,55.49507991599967,56.481896749988664,56.48770495801,57.13241391599877,down,0,0.6399632070097141,None,0,vinni,001,2025-09-10_15h06.11.089,Orientation discrimination task exp,,2025.1.1,119.78827421683415,2025-09-10 15h06.19.015995 +0530,
31,0,31,down,0,0.5640361660043709,None,0,31,0,31,0,57.14231283299159,,57.13294104099623,57.14231283299159,58.12471083298442,58.13195783298579,58.701077582984,down,0,0.5640361660043709,None,0,vinni,001,2025-09-10_15h06.11.089,Orientation discrimination task exp,,2025.1.1,119.78827421683415,2025-09-10 15h06.19.015995 +0530,
32,0,32,down,1,0.7738499160041101,None,2,32,0,32,0,58.71208537500934,,58.70175675000064,58.71208537500934,59.699032040982274,59.70526695798617,60.48409595800331,down,1,0.7738499160041101,None,2,vinni,001,2025-09-10_15h06.11.089,Orientation discrimination task exp,,2025.1.1,119.78827421683415,2025-09-10 15h06.19.015995 +0530,
33,0,33,down,1,0.587770582002122,None,1,33,0,33,0,60.49438283298514,,60.484772291005356,60.49438283298514,61.482079540990526,61.4880142500042,62.07396695800708,down,1,0.587770582002122,None,1,vinni,001,2025-09-10_15h06.11.089,Orientation discrimination task exp,,2025.1.1,119.78827421683415,2025-09-10 15h06.19.015995 +0530,
34,0,34,down,1,0.6306459569896106,None,-4,34,0,34,0,62.08477162499912,,62.074703582999064,62.08477162499912,63.07319437499973,63.082000499998685,63.70759629100212,down,1,0.6306459569896106,None,-4,vinni,001,2025-09-10_15h06.11.089,Orientation discrimination task exp,,2025.1.1,119.78827421683415,2025-09-10 15h06.19.015995 +0530,
35,0,35,down,1,0.5010887910029851,None,4,35,0,35,0,63.71827670800849,,63.708326040999964,63.71827670800849,64.70665295800427,64.71540512499632,65.21824912499869,down,1,0.5010887910029851,None,4,vinni,001,2025-09-10_15h06.11.089,Orientation discrimination task exp,,2025.1.1,119.78827421683415,2025-09-10 15h06.19.015995 +0530,
36,0,36,down,0,0.8419003739836626,None,0,36,0,36,0,65.22875487498823,,65.21902970800875,65.22875487498823,66.21588208299363,66.22180583298905,67.06792862500879,down,0,0.8419003739836626,None,0,vinni,001,2025-09-10_15h06.11.089,Orientation discrimination task exp,,2025.1.1,119.78827421683415,2025-09-10 15h06.19.015995 +0530,
37,0,37,up,1,1.1400288329750765,None,0,37,0,37,0,67.07780729100341,,67.06853795799543,67.07780729100341,68.06586504098959,68.07175087500946,69.21859487498295,up,1,1.1400288329750765,None,0,vinni,001,2025-09-10_15h06.11.089,Orientation discrimination task exp,,2025.1.1,119.78827421683415,2025-09-10 15h06.19.015995 +0530,
38,0,38,down,1,0.8759816250239965,None,2,38,0,38,0,69.2287995829829,,69.21943599998485,69.2287995829829,70.21569479099708,70.22187362500699,71.10176954098279,down,1,0.8759816250239965,None,2,vinni,001,2025-09-10_15h06.11.089,Orientation discrimination task exp,,2025.1.1,119.78827421683415,2025-09-10 15h06.19.015995 +0530,
39,0,39,down,0,0.5727108750143088,None,0,39,0,39,0,71.11128499999177,,71.10228704099427,71.11128499999177,72.09909779098234,72.1050535000104,72.6740514159901,down,0,0.5727108750143088,None,0,vinni,001,2025-09-10_15h06.11.089,Orientation discrimination task exp,,2025.1.1,119.78827421683415,2025-09-10 15h06.19.015995 +0530,
40,0,40,up,1,0.7974251249979716,None,0,40,0,40,0,72.68300783299492,,72.67452141598915,72.68300783299492,73.67253999999957,73.67253999999957,74.47438129098737,up,1,0.7974251249979716,None,0,vinni,001,2025-09-10_15h06.11.089,Orientation discrimination task exp,,2025.1.1,119.78827421683415,2025-09-10 15h06.19.015995 +0530,
41,0,41,up,1,0.6642415820097085,None,0,41,0,41,0,74.48490049998509,,74.47505733300932,74.48490049998509,75.47370245799539,75.48226499999873,76.14109920800547,up,1,0.6642415820097085,None,0,vinni,001,2025-09-10_15h06.11.089,Orientation discrimination task exp,,2025.1.1,119.78827421683415,2025-09-10 15h06.19.015995 +0530,
42,0,42,up,1,0.7179377489956096,None,0,42,0,42,0,76.1511742080038,,76.14185654098401,76.1511742080038,77.13989279099042,77.14914624998346,77.86858337500598,up,1,0.7179377489956096,None,0,vinni,001,2025-09-10_15h06.11.089,Orientation discrimination task exp,,2025.1.1,119.78827421683415,2025-09-10 15h06.19.015995 +0530,
43,0,43,down,1,0.583994041022379,None,4,43,0,43,0,77.8795996659901,,77.86948483300512,77.8795996659901,78.86585579099483,78.87180024999543,79.45784641598584,down,1,0.583994041022379,None,4,vinni,001,2025-09-10_15h06.11.089,Orientation discrimination task exp,,2025.1.1,119.78827421683415,2025-09-10 15h06.19.015995 +0530,
44,0,44,down,1,0.4768707490002271,None,-5,44,0,44,0,79.4825614579895,,79.45845687499968,79.4825614579895,80.45696329098428,80.47095587500371,80.94068033300573,down,1,0.4768707490002271,None,-5,vinni,001,2025-09-10_15h06.11.089,Orientation discrimination task exp,,2025.1.1,119.78827421683415,2025-09-10 15h06.19.015995 +0530,
45,0,45,down,1,0.441539332998218,None,2,45,0,45,0,80.96598812498269,,80.94135216600262,80.96598812498269,81.94046816599439,81.9544038749882,82.38522058300441,down,1,0.441539332998218,None,2,vinni,001,2025-09-10_15h06.11.089,Orientation discrimination task exp,,2025.1.1,119.78827421683415,2025-09-10 15h06.19.015995 +0530,
46,0,46,down,0,0.5323604579898529,None,0,46,0,46,0,82.39538537498447,,82.38583629101049,82.39538537498447,83.38263775000814,83.38811574998545,83.91861591598717,down,0,0.5323604579898529,None,0,vinni,001,2025-09-10_15h06.11.089,Orientation discrimination task exp,,2025.1.1,119.78827421683415,2025-09-10 15h06.19.015995 +0530,
47,0,47,down,0,1.1246586249908432,None,0,47,0,47,0,83.92905191599857,,83.91930854099337,83.92905191599857,84.91616216598777,84.92248295800528,86.05226425000001,down,0,1.1246586249908432,None,0,vinni,001,2025-09-10_15h06.11.089,Orientation discrimination task exp,,2025.1.1,119.78827421683415,2025-09-10 15h06.19.015995 +0530,
48,0,48,down,1,0.5183881660050247,None,3,48,0,48,0,86.06253825000022,,86.05312454100931,86.06253825000022,87.04946941600065,87.05527608300326,87.57416308298707,down,1,0.5183881660050247,None,3,vinni,001,2025-09-10_15h06.11.089,Orientation discrimination task exp,,2025.1.1,119.78827421683415,2025-09-10 15h06.19.015995 +0530,
49,0,49,down,0,0.543255708005745,None,0,49,0,49,0,87.58306962499046,,87.57466612500139,87.58306962499046,88.57271462498466,88.57271462498466,89.1188707909896,down,0,0.543255708005745,None,0,vinni,001,2025-09-10_15h06.11.089,Orientation discrimination task exp,,2025.1.1,119.78827421683415,2025-09-10 15h06.19.015995 +0530,
50,0,50,up,1,0.9777232490014285,None,0,50,0,50,0,89.1298194580013,,89.11963333300082,89.1298194580013,90.11616458298522,90.12203558298643,91.1016365000105,up,1,0.9777232490014285,None,0,vinni,001,2025-09-10_15h06.11.089,Orientation discrimination task exp,,2025.1.1,119.78827421683415,2025-09-10 15h06.19.015995 +0530,
51,0,51,down,1,0.8817819160176441,None,3,51,0,51,0,91.11157204100164,,91.10232129099313,91.11157204100164,92.09920229099225,92.10517179098679,92.9854002080101,down,1,0.8817819160176441,None,3,vinni,001,2025-09-10_15h06.11.089,Orientation discrimination task exp,,2025.1.1,119.78827421683415,2025-09-10 15h06.19.015995 +0530,
52,0,52,down,1,0.4840614999993704,None,-5,52,0,52,0,92.99529420799809,,92.98607137499494,92.99529420799809,93.98288095800672,93.98889899998903,94.47444608298247,down,1,0.4840614999993704,None,-5,vinni,001,2025-09-10_15h06.11.089,Orientation discrimination task exp,,2025.1.1,119.78827421683415,2025-09-10 15h06.19.015995 +0530,
53,0,53,down,1,0.5016664159775246,None,-4,53,0,53,0,94.48472154099727,,94.4751064160082,94.48472154099727,95.47308312499081,95.48273975000484,95.98538862500573,down,1,0.5016664159775246,None,-4,vinni,001,2025-09-10_15h06.11.089,Orientation discrimination task exp,,2025.1.1,119.78827421683415,2025-09-10 15h06.19.015995 +0530,
54,0,54,down,1,0.9798187490087003,None,-3,54,0,54,0,95.99586129098316,,95.98608762500226,95.99586129098316,96.98314608298824,96.98908100000699,97.96895495799254,down,1,0.9798187490087003,None,-3,vinni,001,2025-09-10_15h06.11.089,Orientation discrimination task exp,,2025.1.1,119.78827421683415,2025-09-10 15h06.19.015995 +0530,
55,0,55,up,1,0.5075049579900224,None,0,55,0,55,0,97.98091320798267,,97.96969766600523,97.98091320798267,98.96638762499788,98.97226849998697,99.48536341599538,up,1,0.5075049579900224,None,0,vinni,001,2025-09-10_15h06.11.089,Orientation discrimination task exp,,2025.1.1,119.78827421683415,2025-09-10 15h06.19.015995 +0530,
56,0,56,down,1,0.7768946659925859,None,4,56,0,56,0,99.49582024998381,,99.48605812501046,99.49582024998381,100.48309754100046,100.489051749988,101.26906029100064,down,1,0.7768946659925859,None,4,vinni,001,2025-09-10_15h06.11.089,Orientation discrimination task exp,,2025.1.1,119.78827421683415,2025-09-10 15h06.19.015995 +0530,
57,0,57,down,1,0.5084857489855494,None,-5,57,0,57,0,101.27935095800785,,101.26976004100288,101.27935095800785,102.26641275000293,102.27190591598628,102.78536004098714,down,1,0.5084857489855494,None,-5,vinni,001,2025-09-10_15h06.11.089,Orientation discrimination task exp,,2025.1.1,119.78827421683415,2025-09-10 15h06.19.015995 +0530,
58,0,58,up,1,1.2548614160041325,None,0,58,0,58,0,102.79454541599262,,102.78598429099657,102.79454541599262,103.78316150000319,103.78904154099291,105.04197679099161,up,1,1.2548614160041325,None,0,vinni,001,2025-09-10_15h06.11.089,Orientation discrimination task exp,,2025.1.1,119.78827421683415,2025-09-10 15h06.19.015995 +0530,
59,0,59,down,0,1.0859430819982663,None,0,59,0,59,0,105.05239291599719,,105.04265691598994,105.05239291599719,106.04000799998175,106.04989991598995,107.13630770798773,down,0,1.0859430819982663,None,0,vinni,001,2025-09-10_15h06.11.089,Orientation discrimination task exp,,2025.1.1,119.78827421683415,2025-09-10 15h06.19.015995 +0530,
60,0,60,up,1,0.8375906239962205,None,0,60,0,60,0,107.14635674998863,,107.13709916599328,107.14635674998863,108.13329316599993,108.1387715000019,108.97445812498336,up,1,0.8375906239962205,None,0,vinni,001,2025-09-10_15h06.11.089,Orientation discrimination task exp,,2025.1.1,119.78827421683415,2025-09-10 15h06.19.015995 +0530,
61,0,61,up,1,0.616039415996056,None,0,61,0,61,0,108.98381654100376,,108.9749948749959,108.98381654100376,109.97380279100616,109.97380279100616,110.60231012498843,up,1,0.616039415996056,None,0,vinni,001,2025-09-10_15h06.11.089,Orientation discrimination task exp,,2025.1.1,119.78827421683415,2025-09-10 15h06.19.015995 +0530,
62,0,62,up,1,0.4538381659949664,None,0,62,0,62,0,110.61237395799253,,110.60290720799821,110.61237395799253,111.59997216600459,111.6063215410104,112.05741979100276,up,1,0.4538381659949664,None,0,vinni,001,2025-09-10_15h06.11.089,Orientation discrimination task exp,,2025.1.1,119.78827421683415,2025-09-10 15h06.19.015995 +0530,
63,0,63,down,1,0.6793786660127807,None,4,63,0,63,0,112.06714579099207,,112.05793366598664,112.06714579099207,113.05655799998203,113.05655799998203,113.7418984999822,down,1,0.6793786660127807,None,4,vinni,001,2025-09-10_15h06.11.089,Orientation discrimination task exp,,2025.1.1,119.78827421683415,2025-09-10 15h06.19.015995 +0530,
64,0,64,down,1,0.6275515409943182,None,3,64,0,64,0,113.75195058298414,,113.74256279098336,113.75195058298414,114.74137825000798,114.74987974998658,115.37506654098979,down,1,0.6275515409943182,None,3,vinni,001,2025-09-10_15h06.11.089,Orientation discrimination task exp,,2025.1.1,119.78827421683415,2025-09-10 15h06.19.015995 +0530,
65,0,65,down,1,0.47635091599659063,None,2,65,0,65,0,115.40004074998433,,115.37563008299912,115.40004074998433,116.37472895800602,116.3881993329851,116.85844216600526,down,1,0.47635091599659063,None,2,vinni,001,2025-09-10_15h06.11.089,Orientation discrimination task exp,,2025.1.1,119.78827421683415,2025-09-10 15h06.19.015995 +0530,
66,0,66,down,0,0.6456513330049347,None,0,66,0,66,0,116.88352333300281,,116.85894179099705,116.88352333300281,117.8583781659836,117.87190958298743,118.50874762499006,down,0,0.6456513330049347,None,0,vinni,001,2025-09-10_15h06.11.089,Orientation discrimination task exp,,2025.1.1,119.78827421683415,2025-09-10 15h06.19.015995 +0530,
67,0,67,down,0,0.6401895409799181,None,0,67,0,67,0,118.5193215830077,,118.50936212498345,118.5193215830077,119.50789733300917,119.51657220799825,120.1522692499857,down,0,0.6401895409799181,None,0,vinni,001,2025-09-10_15h06.11.089,Orientation discrimination task exp,,2025.1.1,119.78827421683415,2025-09-10 15h06.19.015995 +0530,
68,0,68,down,1,0.5981289159972221,None,-2,68,0,68,0,120.16208433298743,,120.152911415993,120.16208433298743,121.14998579100939,121.15592795799603,121.75267374998657,down,1,0.5981289159972221,None,-2,vinni,001,2025-09-10_15h06.11.089,Orientation discrimination task exp,,2025.1.1,119.78827421683415,2025-09-10 15h06.19.015995 +0530,
69,0,69,down,1,0.5757352490036283,None,2,69,0,69,0,121.76361091600847,,121.75339016600628,121.76361091600847,122.75010733300587,122.75623320799787,123.33581887499895,down,1,0.5757352490036283,None,2,vinni,001,2025-09-10_15h06.11.089,Orientation discrimination task exp,,2025.1.1,119.78827421683415,2025-09-10 15h06.19.015995 +0530,
70,0,70,down,1,0.5012782069970854,None,4,70,0,70,0,123.34523595799692,,123.33635187498294,123.34523595799692,124.33363649999956,124.33981345800566,124.84093858298729,down,1,0.5012782069970854,None,4,vinni,001,2025-09-10_15h06.11.089,Orientation discrimination task exp,,2025.1.1,119.78827421683415,2025-09-10 15h06.19.015995 +0530,
71,0,71,down,1,0.6364840409951285,None,2,71,0,71,0,124.84978654098813,,124.84142158299801,124.84978654098813,125.84046345800743,125.84046345800743,126.48648849999881,down,1,0.6364840409951285,None,2,vinni,001,2025-09-10_15h06.11.089,Orientation discrimination task exp,,2025.1.1,119.78827421683415,2025-09-10 15h06.19.015995 +0530,
72,0,72,up,0,1.3141961239743978,None,-3,72,0,72,0,126.49680716599687,,126.48719383298885,126.49680716599687,127.48384341600467,127.489791333006,128.80300754099153,up,0,1.3141961239743978,None,-3,vinni,001,2025-09-10_15h06.11.089,Orientation discrimination task exp,,2025.1.1,119.78827421683415,2025-09-10 15h06.19.015995 +0530,
73,0,73,down,1,1.199738040973898,None,-2,73,0,73,0,128.8135140829836,,128.80365541600622,128.8135140829836,129.8004081249819,129.80629566599964,131.00311962500564,down,1,1.199738040973898,None,-2,vinni,001,2025-09-10_15h06.11.089,Orientation discrimination task exp,,2025.1.1,119.78827421683415,2025-09-10 15h06.19.015995 +0530,
74,0,74,up,1,0.6035561239987146,None,0,74,0,74,0,131.01405649998924,,131.0037331659987,131.01405649998924,132.00054333300795,132.0064451659855,132.60872633298277,up,1,0.6035561239987146,None,0,vinni,001,2025-09-10_15h06.11.089,Orientation discrimination task exp,,2025.1.1,119.78827421683415,2025-09-10 15h06.19.015995 +0530,
75,0,75,up,1,0.44911175000015646,None,0,75,0,75,0,132.63377929100534,,132.6092901660013,132.63377929100534,133.60804279099102,133.62219783299952,134.07004108300316,up,1,0.44911175000015646,None,0,vinni,001,2025-09-10_15h06.11.089,Orientation discrimination task exp,,2025.1.1,119.78827421683415,2025-09-10 15h06.19.015995 +0530,
76,0,76,down,0,0.8028669159975834,None,0,76,0,76,0,134.08051412500208,,134.07084075000603,134.08051412500208,135.0670839159866,135.07303679100005,135.87544704100583,down,0,0.8028669159975834,None,0,vinni,001,2025-09-10_15h06.11.089,Orientation discrimination task exp,,2025.1.1,119.78827421683415,2025-09-10 15h06.19.015995 +0530,
77,0,77,down,1,0.6642475819971878,None,1,77,0,77,0,135.90053466599784,,135.87602674998925,135.90053466599784,136.87483516600332,136.88902162498562,137.542588124983,down,1,0.6642475819971878,None,1,vinni,001,2025-09-10_15h06.11.089,Orientation discrimination task exp,,2025.1.1,119.78827421683415,2025-09-10 15h06.19.015995 +0530,
78,0,78,down,0,0.6743569579848554,None,0,78,0,78,0,137.55326566600706,,137.54329775000224,137.55326566600706,138.54269183299039,138.55076833299245,139.22008408300462,down,0,0.6743569579848554,None,0,vinni,001,2025-09-10_15h06.11.089,Orientation discrimination task exp,,2025.1.1,119.78827421683415,2025-09-10 15h06.19.015995 +0530,
79,0,79,down,1,0.8166281660087407,None,-3,79,0,79,0,139.23139545798767,,139.22089579098974,139.23139545798767,140.21735324998735,140.2232819159981,141.03605979098938,down,1,0.8166281660087407,None,-3,vinni,001,2025-09-10_15h06.11.089,Orientation discrimination task exp,,2025.1.1,119.78827421683415,2025-09-10 15h06.19.015995 +0530,
80,0,80,down,1,0.5500196239736397,None,-3,80,0,80,0,141.04628570799832,,141.03671487499378,141.04628570799832,142.03406295800232,142.04001108300872,142.58634874998825,down,1,0.5500196239736397,None,-3,vinni,001,2025-09-10_15h06.11.089,Orientation discrimination task exp,,2025.1.1,119.78827421683415,2025-09-10 15h06.19.015995 +0530,
81,0,81,up,1,1.524804957996821,None,0,81,0,81,0,142.59631224998157,,142.58706133300439,142.59631224998157,143.58420370798558,143.59050870800274,145.11952025000937,up,1,1.524804957996821,None,0,vinni,001,2025-09-10_15h06.11.089,Orientation discrimination task exp,,2025.1.1,119.78827421683415,2025-09-10 15h06.19.015995 +0530,
82,0,82,down,1,0.9005434580030851,None,3,82,0,82,0,145.1297790829849,,145.12018354100292,145.1297790829849,146.11755299998913,146.12344483300694,147.02534658298828,down,1,0.9005434580030851,None,3,vinni,001,2025-09-10_15h06.11.089,Orientation discrimination task exp,,2025.1.1,119.78827421683415,2025-09-10 15h06.19.015995 +0530,
83,0,83,up,0,4.2694170830072835,None,2,83,0,83,0,147.03477991599357,,147.0260397499951,147.03477991599357,148.02525529099512,148.02525529099512,152.30372145798174,up,0,4.2694170830072835,None,2,vinni,001,2025-09-10_15h06.11.089,Orientation discrimination task exp,,2025.1.1,119.78827421683415,2025-09-10 15h06.19.015995 +0530,
84,0,84,down,1,1.188762375008082,None,-3,84,0,84,0,152.31676120799966,,152.30457387500792,152.31676120799966,153.30097920799744,153.306972958002,154.49194787500892,down,1,1.188762375008082,None,-3,vinni,001,2025-09-10_15h06.11.089,Orientation discrimination task exp,,2025.1.1,119.78827421683415,2025-09-10 15h06.19.015995 +0530,
85,0,85,up,1,0.8579242079867981,None,0,85,0,85,0,154.5177752499876,,154.49260762499762,154.5177752499876,155.49187800000072,155.50572416599607,156.35308270799578,up,1,0.8579242079867981,None,0,vinni,001,2025-09-10_15h06.11.089,Orientation discrimination task exp,,2025.1.1,119.78827421683415,2025-09-10 15h06.19.015995 +0530,
86,0,86,down,1,0.6196211240021512,None,-5,86,0,86,0,156.3638072909962,,156.3537168329931,156.3638072909962,157.35112208299688,157.35700962500414,157.97598054099944,down,1,0.6196211240021512,None,-5,vinni,001,2025-09-10_15h06.11.089,Orientation discrimination task exp,,2025.1.1,119.78827421683415,2025-09-10 15h06.19.015995 +0530,
87,0,87,down,1,0.5865637909737416,None,2,87,0,87,0,157.98667458299315,,157.9766350830032,157.98667458299315,158.97618279099697,158.9840823749837,159.57010929100215,down,1,0.5865637909737416,None,2,vinni,001,2025-09-10_15h06.11.089,Orientation discrimination task exp,,2025.1.1,119.78827421683415,2025-09-10 15h06.19.015995 +0530,
88,0,88,down,0,0.6699544989969581,None,0,88,0,88,0,159.58083279099083,,159.5707234159927,159.58083279099083,160.5676152500091,160.57316345800064,161.24196904100245,down,0,0.6699544989969581,None,0,vinni,001,2025-09-10_15h06.11.089,Orientation discrimination task exp,,2025.1.1,119.78827421683415,2025-09-10 15h06.19.015995 +0530,
89,0,89,down,1,0.633270623977296,None,4,89,0,89,0,161.2515531250101,,161.24249116599094,161.2515531250101,162.24148749999586,162.24148749999586,162.88734454099904,down,1,0.633270623977296,None,4,vinni,001,2025-09-10_15h06.11.089,Orientation discrimination task exp,,2025.1.1,119.78827421683415,2025-09-10 15h06.19.015995 +0530,
90,0,90,down,0,0.9992383740027435,None,0,90,0,90,0,162.8983739159885,,162.88803645799635,162.8983739159885,163.88457808300154,163.8905104160076,164.88735412500682,down,0,0.9992383740027435,None,0,vinni,001,2025-09-10_15h06.11.089,Orientation discrimination task exp,,2025.1.1,119.78827421683415,2025-09-10 15h06.19.015995 +0530,
91,0,91,up,1,1.1531057910178788,None,0,91,0,91,0,164.89735275000567,,164.8879538330075,164.89735275000567,165.88463779099402,165.89064850000432,167.0429941659968,up,1,1.1531057910178788,None,0,vinni,001,2025-09-10_15h06.11.089,Orientation discrimination task exp,,2025.1.1,119.78827421683415,2025-09-10 15h06.19.015995 +0530,
92,0,92,up,1,0.7853557080088649,None,0,92,0,92,0,167.05406120800762,,167.04360254100175,167.05406120800762,168.04232683300506,168.05113662499934,168.83704737498192,up,1,0.7853557080088649,None,0,vinni,001,2025-09-10_15h06.11.089,Orientation discrimination task exp,,2025.1.1,119.78827421683415,2025-09-10 15h06.19.015995 +0530,
93,0,93,up,1,0.7010137499892153,None,0,93,0,93,0,168.8515903329826,,168.83749537498807,168.8515903329826,169.83463433300494,169.84127616600017,170.54238574998453,up,1,0.7010137499892153,None,0,vinni,001,2025-09-10_15h06.11.089,Orientation discrimination task exp,,2025.1.1,119.78827421683415,2025-09-10 15h06.19.015995 +0530,
94,0,94,up,1,0.5879500410228502,None,0,94,0,94,0,170.55178779098787,,170.54288595798425,170.55178779098787,171.54289741598768,171.54289741598768,172.13751524998224,up,1,0.5879500410228502,None,0,vinni,001,2025-09-10_15h06.11.089,Orientation discrimination task exp,,2025.1.1,119.78827421683415,2025-09-10 15h06.19.015995 +0530,
95,0,95,up,0,0.49920529100927524,None,-2,95,0,95,0,172.15164100000402,,172.1381223750068,172.15164100000402,173.13467204099288,173.14099004099262,173.63751754100667,up,0,0.49920529100927524,None,-2,vinni,001,2025-09-10_15h06.11.089,Orientation discrimination task exp,,2025.1.1,119.78827421683415,2025-09-10 15h06.19.015995 +0530,
96,0,96,up,1,0.45088804099941626,None,0,96,0,96,0,173.64882916599163,,173.63818570799776,173.64882916599163,174.63494254098623,174.6409724999976,175.093294374994,up,1,0.45088804099941626,None,0,vinni,001,2025-09-10_15h06.11.089,Orientation discrimination task exp,,2025.1.1,119.78827421683415,2025-09-10 15h06.19.015995 +0530,
97,0,97,up,0,0.9179805409803521,None,3,97,0,97,0,175.10385704098735,,175.09395616600523,175.10385704098735,176.09175920800772,176.10147200000938,177.02004149998538,up,0,0.9179805409803521,None,3,vinni,001,2025-09-10_15h06.11.089,Orientation discrimination task exp,,2025.1.1,119.78827421683415,2025-09-10 15h06.19.015995 +0530,
98,0,98,up,1,0.5085964989848435,None,0,98,0,98,0,177.0300947499927,,177.02064633299597,177.0300947499927,178.0181266659929,178.02407650000532,178.5371321660059,up,1,0.5085964989848435,None,0,vinni,001,2025-09-10_15h06.11.089,Orientation discrimination task exp,,2025.1.1,119.78827421683415,2025-09-10 15h06.19.015995 +0530,
99,0,99,up,0,0.6268724569818005,None,4,99,0,99,0,178.54730395801016,,178.53779008300626,178.54730395801016,179.53493779100245,179.54083287500544,180.17099874999258,up,0,0.6268724569818005,None,4,vinni,001,2025-09-10_15h06.11.089,Orientation discrimination task exp,,2025.1.1,119.78827421683415,2025-09-10 15h06.19.015995 +0530,
